StartDate,EndDate,Status,IPAddress,Progress,Duration (in seconds),Finished,RecordedDate,ResponseId,RecipientLastName,RecipientFirstName,RecipientEmail,ExternalReference,LocationLatitude,LocationLongitude,DistributionChannel,UserLanguage,V1,V2,V3,V5,V6,V99.2,V7,V8,V9,V99.3,SC0
Start Date,End Date,Response Type,IP Address,Progress,Duration (in seconds),Finished,Recorded Date,Response ID,Recipient Last Name,Recipient First Name,Recipient Email,External Data Reference,Location Latitude,Location Longitude,Distribution Channel,User Language,Coder ID,Job ID,Sentence ID,Are warmth related wordings present or not present in the sentence?,Are competence related wordings present or not present in the sentence?,Coder Remarks,Are any tasks related to performing a job mentioned or not mentioned in the sentence?,The tasks mentioned in the sentence are:,The tasks mentioned in the sentence are:,Coder Remarks,Score
"{""ImportId"":""startDate"",""timeZone"":""Europe/Berlin""}","{""ImportId"":""endDate"",""timeZone"":""Europe/Berlin""}","{""ImportId"":""status""}","{""ImportId"":""ipAddress""}","{""ImportId"":""progress""}","{""ImportId"":""duration""}","{""ImportId"":""finished""}","{""ImportId"":""recordedDate"",""timeZone"":""Europe/Berlin""}","{""ImportId"":""_recordId""}","{""ImportId"":""recipientLastName""}","{""ImportId"":""recipientFirstName""}","{""ImportId"":""recipientEmail""}","{""ImportId"":""externalDataReference""}","{""ImportId"":""locationLatitude""}","{""ImportId"":""locationLongitude""}","{""ImportId"":""distributionChannel""}","{""ImportId"":""userLanguage""}","{""ImportId"":""QID26""}","{""ImportId"":""QID29_TEXT""}","{""ImportId"":""QID30_TEXT""}","{""ImportId"":""QID11""}","{""ImportId"":""QID33""}","{""ImportId"":""QID34_TEXT""}","{""ImportId"":""QID35""}","{""ImportId"":""QID36""}","{""ImportId"":""QID37""}","{""ImportId"":""QID38_TEXT""}","{""ImportId"":""SC_42efNlERN25C8Kh""}"
2021-02-12 16:13:28,2021-02-12 16:14:17,IP Address,45.84.40.162,100,48,True,2021-02-12 16:14:19,R_3hFIAwdSEFO0ewC,,,,,52.3927001953125,4.8235015869140625,anonymous,EN,,,,,,,,,,,
2021-02-12 15:40:26,2021-02-13 11:11:12,IP Address,213.127.67.245,100,70245,True,2021-02-13 11:11:12,R_1eDUDE7DEm2oL14,,,,,52.358306884765625,4.8488006591796875,anonymous,EN,,,,,,,,,,,
2021-02-13 11:11:34,2021-02-13 11:23:17,IP Address,213.127.67.245,100,702,True,2021-02-13 11:23:19,R_2xMdP9ccOgv3a0X,,,,,52.358306884765625,4.8488006591796875,anonymous,EN,Renée,p_0ae7d7a660484a18,1,Not present,Present,"""Are you looking for the next step in your career? Join everis !"" I have not included ""Join Everis"" and will code this as a second sentence. I hope that is correct!",Not Mentioned,,,,2
2021-02-13 11:23:22,2021-02-13 11:25:31,IP Address,213.127.67.245,100,128,True,2021-02-13 11:25:31,R_1KvtPDO1VM3do0K,,,,,52.358306884765625,4.8488006591796875,anonymous,EN,Renée,p_0ae7d7a660484a18,2,Present,Not present,,Not Mentioned,,,,3
2021-02-13 11:25:33,2021-02-13 11:27:46,IP Address,213.127.67.245,100,133,True,2021-02-13 11:27:47,R_22mZLeiTOwg4wW5,,,,,52.358306884765625,4.8488006591796875,anonymous,EN,Renée,p_0ae7d7a660484a18,3,Not present,Present,,Not Mentioned,,,,2
2021-02-13 11:27:48,2021-02-13 11:28:16,IP Address,213.127.67.245,100,27,True,2021-02-13 11:28:16,R_vpZwc1Y74dXHjkl,,,,,52.358306884765625,4.8488006591796875,anonymous,EN,Renée,p_0ae7d7a660484a18,4,Not present,Not present,,Not Mentioned,,,,2
2021-02-13 11:28:17,2021-02-13 11:32:29,IP Address,213.127.67.245,100,251,True,2021-02-13 11:32:29,R_2wBu83yG179VdDm,,,,,52.358306884765625,4.8488006591796875,anonymous,EN,Renée,p_0ae7d7a660484a18,5,Not present,Present,,Not Mentioned,,,,2
2021-02-13 11:32:31,2021-02-13 11:33:37,IP Address,213.127.67.245,100,66,True,2021-02-13 11:33:38,R_yNCLYIeScleBZTj,,,,,52.358306884765625,4.8488006591796875,anonymous,EN,Renée,p_0ae7d7a660484a18,6,Not present,Not present,,Not Mentioned,,,,2
2021-02-13 11:33:39,2021-02-13 11:37:09,IP Address,213.127.67.245,100,209,True,2021-02-13 11:37:10,R_3ls2F9DOqzFriIB,,,,,52.358306884765625,4.8488006591796875,anonymous,EN,Renée,p_0ae7d7a660484a18,7,Not present,Present,"I said ""competence"" because it says ""knowledge acquired"" however it is not related to a specific task. So I am not sure whether this counts as ""competence"" or not. ",Not Mentioned,,,,2
2021-02-13 11:37:11,2021-02-13 11:37:59,IP Address,213.127.67.245,100,48,True,2021-02-13 11:38:00,R_zVFNPNwHriJmOeB,,,,,52.358306884765625,4.8488006591796875,anonymous,EN,Renée,p_0ae7d7a660484a18,8,Present,Present,,Not Mentioned,,,,3
2021-02-13 11:38:12,2021-02-13 11:40:46,IP Address,213.127.67.245,100,154,True,2021-02-13 11:40:48,R_31cM0yojECaDa2F,,,,,52.358306884765625,4.8488006591796875,anonymous,EN,Renée,p_0ae7d7a660484a18,9,Not present,Not present,"The sentence includes ""start-up atmosphere"" which could be understood as warmth and ""corporate"" as competence but it does not relate to a task and it is subjective so therefore I said not present for both. Is this the correct way to think about it? ",Not Mentioned,,,,2
2021-02-13 11:40:55,2021-02-13 11:41:58,IP Address,213.127.67.245,100,62,True,2021-02-13 11:41:58,R_1rxfB1rAgQa5N6V,,,,,52.358306884765625,4.8488006591796875,anonymous,EN,Renée,p_0ae7d7a660484a18,9,Present,Present,,Not Mentioned,,,,3
2021-02-13 11:42:00,2021-02-13 11:44:58,IP Address,213.127.67.245,100,178,True,2021-02-13 11:44:59,R_20TZ4UPXhyl8NJL,,,,,52.358306884765625,4.8488006591796875,anonymous,EN,Renée,p_0ae7d7a660484a18,10,Present,Present,"""Senior Project manager"" indicates managing of a project therefore I said competence is present. Is this correct?",Mentioned,Not related to warmth,Related to competence,,3
2021-02-13 11:46:07,2021-02-13 11:52:08,IP Address,213.127.67.245,100,360,True,2021-02-13 11:52:08,R_3rYc7TwiJG38lGO,,,,,52.358306884765625,4.8488006591796875,anonymous,EN,Renée,p_0ae7d7a660484a18,12,Not present,Present,"This is the sentence ""Main Responsibilities"" ",Not Mentioned,,,,2
2021-02-13 11:52:12,2021-02-13 12:01:22,IP Address,213.127.67.245,100,549,True,2021-02-13 12:01:22,R_3ni1s2n8KfFtpMk,,,,,52.358306884765625,4.8488006591796875,anonymous,EN,Renée,p_0ae7d7a660484a18,13,Not present,Present,,Mentioned,Not related to warmth,Related to competence,,2
2021-02-13 12:01:26,2021-02-13 12:02:05,IP Address,213.127.67.245,100,38,True,2021-02-13 12:02:05,R_ewE6PgJXfxWdP1f,,,,,52.358306884765625,4.8488006591796875,anonymous,EN,Renée,p_0ae7d7a660484a18,14,Not present,Present,,Mentioned,Not related to warmth,Related to competence,,2
2021-02-13 12:02:07,2021-02-13 12:04:33,IP Address,213.127.67.245,100,146,True,2021-02-13 12:04:33,R_2qaTBlChxDw5r5U,,,,,52.358306884765625,4.8488006591796875,anonymous,EN,Renée,p_0ae7d7a660484a18,15,Not present,Present,,Mentioned,Not related to warmth,Related to competence,,2
2021-02-13 12:04:36,2021-02-13 12:05:39,IP Address,213.127.67.245,100,62,True,2021-02-13 12:05:39,R_3HoC5tZ5ehgEf6N,,,,,52.358306884765625,4.8488006591796875,anonymous,EN,Renée,p_0ae7d7a660484a18,16,Not present,Present,,Mentioned,Not related to warmth,Related to competence,,2
2021-02-13 12:05:41,2021-02-13 12:07:06,IP Address,213.127.67.245,100,85,True,2021-02-13 12:07:07,R_2v38gB3CfMIvemr,,,,,52.358306884765625,4.8488006591796875,anonymous,EN,Renée,p_0ae7d7a660484a18,17,Not present,Present,,Mentioned,Not related to warmth,Related to competence,,2
2021-02-13 12:07:08,2021-02-13 12:11:22,IP Address,213.127.67.245,100,254,True,2021-02-13 12:11:22,R_2OHKJY1IpRfuTnN,,,,,52.358306884765625,4.8488006591796875,anonymous,EN,Renée,p_0ae7d7a660484a18,18,Present,Present,The sentence is: Manage project resources (Lead the project team). Competence present because managing resources. Is that correct?,Mentioned,Related to warmth,Related to competence,,3
2021-02-13 12:11:24,2021-02-13 12:26:03,IP Address,213.127.67.245,100,878,True,2021-02-13 12:26:05,R_1HcQWKx3aZHdkqc,,,,,52.358306884765625,4.8488006591796875,anonymous,EN,Renée,p_0ae7d7a660484a18,19,Not present,Present,,Not Mentioned,,,,2
2021-02-13 12:26:07,2021-02-13 12:39:18,IP Address,213.127.67.245,100,791,True,2021-02-13 12:39:20,R_2Cw7QYNGfKyyOg3,,,,,52.358306884765625,4.8488006591796875,anonymous,EN,Renée,p_0ae7d7a660484a18,20,Not present,Present,,Not Mentioned,,,,2
2021-02-13 12:39:21,2021-02-13 12:44:47,IP Address,213.127.67.245,100,325,True,2021-02-13 12:44:48,R_1g1NL7lzI1EsLRN,,,,,52.358306884765625,4.8488006591796875,anonymous,EN,Renée,p_0ae7d7a660484a18,21,Not present,Present,,Mentioned,Not related to warmth,Related to competence,,2
2021-02-13 12:46:25,2021-02-13 13:00:21,IP Address,213.127.67.245,100,836,True,2021-02-13 13:00:22,R_ujMFmMVwf3AUJbP,,,,,52.358306884765625,4.8488006591796875,anonymous,EN,Renée,p_0ae7d7a660484a18,22,Not present,Present,,Mentioned,Not related to warmth,Related to competence,,2
2021-02-13 13:00:23,2021-02-13 13:02:20,IP Address,213.127.67.245,100,116,True,2021-02-13 13:02:20,R_1feyWQKmflt3oke,,,,,52.358306884765625,4.8488006591796875,anonymous,EN,Renée,p_0ae7d7a660484a18,23,Present,Present,confident as competence?,Not Mentioned,,,,3
2021-02-13 13:02:22,2021-02-13 13:03:13,IP Address,213.127.67.245,100,50,True,2021-02-13 13:03:13,R_Z3GKjTh2DUzTXdD,,,,,52.358306884765625,4.8488006591796875,anonymous,EN,Renée,p_0ae7d7a660484a18.,24,Not present,Present,,Not Mentioned,,,,2
2021-02-13 13:03:15,2021-02-13 13:04:24,IP Address,213.127.67.245,100,69,True,2021-02-13 13:04:24,R_ukSgtVNuvHF075L,,,,,52.358306884765625,4.8488006591796875,anonymous,EN,Renée,p_0ae7d7a660484a18.,25,Not present,Present,,Not Mentioned,,,,2
2021-02-13 13:04:27,2021-02-13 13:05:44,IP Address,213.127.67.245,100,77,True,2021-02-13 13:05:45,R_1rqB0MmlzXIh86M,,,,,52.358306884765625,4.8488006591796875,anonymous,EN,Renée,p_0ae7d7a660484a18.,26,Present,Not present,,Mentioned,Related to warmth,Not related to competence,,3
2021-02-13 13:05:46,2021-02-13 13:06:11,IP Address,213.127.67.245,100,24,True,2021-02-13 13:06:11,R_6eQY3zsmUSu85Pz,,,,,52.358306884765625,4.8488006591796875,anonymous,EN,Renée,p_0ae7d7a660484a18.,27,Present,Not present,,Mentioned,Related to warmth,Not related to competence,,3
2021-02-13 13:06:13,2021-02-13 13:06:56,IP Address,213.127.67.245,100,43,True,2021-02-13 13:06:57,R_2954wDsbZR7uW16,,,,,52.358306884765625,4.8488006591796875,anonymous,EN,Renée,p_0ae7d7a660484a18.,28,Not present,Present,,Not Mentioned,,,,2
2021-02-13 13:06:59,2021-02-13 13:07:14,IP Address,213.127.67.245,100,15,True,2021-02-13 13:07:14,R_2rUYxluTDwm0VUi,,,,,52.358306884765625,4.8488006591796875,anonymous,EN,Renée,p_0ae7d7a660484a18.,29,Not present,Present,,Not Mentioned,,,,2
2021-02-13 13:07:16,2021-02-13 13:07:33,IP Address,213.127.67.245,100,17,True,2021-02-13 13:07:34,R_1QKsVyvPoUHJkoK,,,,,52.358306884765625,4.8488006591796875,anonymous,EN,Renée,p_0ae7d7a660484a18.,30,Present,Not present,,Not Mentioned,,,,3
2021-02-13 13:07:35,2021-02-13 13:08:47,IP Address,213.127.67.245,100,71,True,2021-02-13 13:08:47,R_21mjVXriXTkLTQY,,,,,52.358306884765625,4.8488006591796875,anonymous,EN,Renée,p_0ae7d7a660484a18.,31,Present,Present,,Mentioned,Related to warmth,Related to competence,,3
2021-02-13 13:08:50,2021-02-13 13:10:07,IP Address,213.127.67.245,100,77,True,2021-02-13 13:10:07,R_23fLR4YyRZbshSs,,,,,52.358306884765625,4.8488006591796875,anonymous,EN,Renée,p_0ae7d7a660484a18.,32,Not present,Not present,"The sentence is ""requirements"". I am not sure whether this is one sentence. ",Not Mentioned,,,,2
2021-02-13 13:10:09,2021-02-13 13:10:38,IP Address,213.127.67.245,100,28,True,2021-02-13 13:10:38,R_25RVOqBv2MNdwlX,,,,,52.358306884765625,4.8488006591796875,anonymous,EN,Renée,p_0ae7d7a660484a18.,33,Not present,Not present,"The sentence is ""Must have"". Is that correct?",Not Mentioned,,,,2
2021-02-13 13:10:40,2021-02-13 13:11:09,IP Address,213.127.67.245,100,28,True,2021-02-13 13:11:10,R_2tDQTuOs5WEZv3e,,,,,52.358306884765625,4.8488006591796875,anonymous,EN,Renée,p_0ae7d7a660484a18.,34,Present,Not present,,Not Mentioned,,,,3
2021-02-13 13:11:11,2021-02-13 13:15:27,IP Address,213.127.67.245,100,256,True,2021-02-13 13:15:28,R_pQnXgv3m7Nfly01,,,,,52.358306884765625,4.8488006591796875,anonymous,EN,Renée,p_0ae7d7a660484a18.,35,Not present,Present,,Not Mentioned,,,,2
2021-02-13 13:15:32,2021-02-13 13:16:06,IP Address,213.127.67.245,100,34,True,2021-02-13 13:16:06,R_zZPSwcPRDtTxpx7,,,,,52.358306884765625,4.8488006591796875,anonymous,EN,Renée,p_0ae7d7a660484a18.,36,Not present,Present,,Not Mentioned,,,,2
2021-02-13 13:16:08,2021-02-13 13:16:38,IP Address,213.127.67.245,100,30,True,2021-02-13 13:16:39,R_3PTu1BvNELVcz1O,,,,,52.358306884765625,4.8488006591796875,anonymous,EN,Renée,p_0ae7d7a660484a18.,37,Not present,Present,,Not Mentioned,,,,2
2021-02-13 13:16:41,2021-02-13 13:18:49,IP Address,213.127.67.245,100,127,True,2021-02-13 13:18:49,R_1JX7kJlAzLe3a2k,,,,,52.358306884765625,4.8488006591796875,anonymous,EN,Renée,p_0ae7d7a660484a18.,38,Present,Present,,Not Mentioned,,,,3
2021-02-13 13:18:51,2021-02-13 13:19:29,IP Address,213.127.67.245,100,38,True,2021-02-13 13:19:30,R_3MrOmRbCR988Pju,,,,,52.358306884765625,4.8488006591796875,anonymous,EN,Renée,p_0ae7d7a660484a18.,39,Not present,Present,,Not Mentioned,,,,2
2021-02-13 13:19:32,2021-02-13 13:19:58,IP Address,213.127.67.245,100,26,True,2021-02-13 13:19:58,R_2Qfa5eMisQvUoIZ,,,,,52.358306884765625,4.8488006591796875,anonymous,EN,Renée,p_0ae7d7a660484a18.,40,Present,Present,,Not Mentioned,,,,3
2021-02-13 13:20:02,2021-02-13 13:20:42,IP Address,213.127.67.245,100,40,True,2021-02-13 13:20:43,R_qVhZTXX0oll4jiV,,,,,52.358306884765625,4.8488006591796875,anonymous,EN,Renée,p_0ae7d7a660484a18.,40,Not present,Not present,"The sentence is ""Nice to have:"" I code it as a separate sentence as it is a heading. Is that correct? ",Not Mentioned,,,,2
2021-02-13 13:20:44,2021-02-13 13:21:16,IP Address,213.127.67.245,100,31,True,2021-02-13 13:21:16,R_3fB0m0rGghKTJjr,,,,,52.358306884765625,4.8488006591796875,anonymous,EN,Renée,p_0ae7d7a660484a18.,42,Not present,Not present,,Not Mentioned,,,,2
2021-02-13 13:21:18,2021-02-13 13:21:33,IP Address,213.127.67.245,100,14,True,2021-02-13 13:21:33,R_1gC7oYw3vYOpLrz,,,,,52.358306884765625,4.8488006591796875,anonymous,EN,Renée,p_0ae7d7a660484a18.,43,Not present,Not present,,Not Mentioned,,,,2
2021-02-13 13:21:35,2021-02-13 13:21:57,IP Address,213.127.67.245,100,22,True,2021-02-13 13:21:57,R_enW7cgAFIR1bA9r,,,,,52.358306884765625,4.8488006591796875,anonymous,EN,Renée,p_0ae7d7a660484a18.,44,Not present,Not present,,Not Mentioned,,,,2
2021-02-13 13:21:59,2021-02-13 13:23:45,IP Address,213.127.67.245,100,106,True,2021-02-13 13:23:46,R_ByU6dDkZ0NOWLRL,,,,,52.358306884765625,4.8488006591796875,anonymous,EN,Renée,p_0ae7d7a660484a18.,45,Not present,Not present,,Not Mentioned,,,,2
2021-02-13 13:23:47,2021-02-13 13:24:00,IP Address,213.127.67.245,100,13,True,2021-02-13 13:24:01,R_3Poza6A0dzFnf01,,,,,52.358306884765625,4.8488006591796875,anonymous,EN,Renée,p_0ae7d7a660484a18.,46,Not present,Not present,,Not Mentioned,,,,2
2021-02-13 13:24:04,2021-02-13 13:24:44,IP Address,213.127.67.245,100,39,True,2021-02-13 13:24:44,R_1mkK7VDTxpiyrJ3,,,,,52.358306884765625,4.8488006591796875,anonymous,EN,Renée,p_0ae7d7a660484a18.,47,Present,Not present,,Not Mentioned,,,,3
2021-02-13 13:24:45,2021-02-13 13:25:22,IP Address,213.127.67.245,100,36,True,2021-02-13 13:25:22,R_1Ei1bwDWzCELG6Y,,,,,52.358306884765625,4.8488006591796875,anonymous,EN,Renée,p_0ae7d7a660484a18.,48,Present,Not present,,Not Mentioned,,,,3
2021-02-13 13:25:24,2021-02-13 13:25:49,IP Address,213.127.67.245,100,25,True,2021-02-13 13:25:49,R_2XhwlhynkXESlq2,,,,,52.358306884765625,4.8488006591796875,anonymous,EN,Renée,p_0ae7d7a660484a18.,49,Present,Not present,,Not Mentioned,,,,3
2021-02-13 13:25:51,2021-02-13 13:26:31,IP Address,213.127.67.245,100,40,True,2021-02-13 13:26:32,R_bpYizbMifWv0D9T,,,,,52.358306884765625,4.8488006591796875,anonymous,EN,Renée,p_0ae7d7a660484a18.,50,Not present,Not present,"The sentence is ""What to expect from everis?"" Is that correct?",Not Mentioned,,,,2
2021-02-13 13:26:33,2021-02-13 13:27:12,IP Address,213.127.67.245,100,39,True,2021-02-13 13:27:13,R_AhUzgS7hu8bjTLr,,,,,52.358306884765625,4.8488006591796875,anonymous,EN,Renée,p_0ae7d7a660484a18.,51,Present,Present,,Not Mentioned,,,,3
2021-02-13 13:27:14,2021-02-13 13:27:33,IP Address,213.127.67.245,100,19,True,2021-02-13 13:27:33,R_3J96lxlyQQ4BpgO,,,,,52.358306884765625,4.8488006591796875,anonymous,EN,Renée,p_0ae7d7a660484a18.,52,Not present,Present,,Not Mentioned,,,,2
2021-02-13 13:27:35,2021-02-13 13:28:38,IP Address,213.127.67.245,100,62,True,2021-02-13 13:28:38,R_w4PokneaUwdCyGt,,,,,52.358306884765625,4.8488006591796875,anonymous,EN,Renée,p_0ae7d7a660484a18.,53,Present,Not present,"The sentence is ""our offer"". This could be seen as ""warmth"" but I am not sure. ",Not Mentioned,,,,3
2021-02-13 13:28:40,2021-02-13 13:31:49,IP Address,213.127.67.245,100,188,True,2021-02-13 13:31:49,R_22OX4gfZAV77VGA,,,,,52.358306884765625,4.8488006591796875,anonymous,EN,Renée,p_0ae7d7a660484a18.,54,Not present,Present,,Not Mentioned,,,,2
2021-02-14 21:59:50,2021-02-14 22:01:17,IP Address,213.152.188.86,100,86,True,2021-02-14 22:01:17,R_2qrV0ViKB8Dn17S,,,,,52.3520050048828125,4.9391937255859375,anonymous,EN,Noon,p_b5601f770cd94a18,1,Not present,Present,,Not Mentioned,,,,3
2021-02-14 22:01:25,2021-02-14 22:02:20,IP Address,213.152.188.86,100,54,True,2021-02-14 22:02:20,R_2zCFSgyWOJL2MYm,,,,,52.3520050048828125,4.9391937255859375,anonymous,EN,Noon,p_b5601f770cd94a18,2,Not present,Present,,Not Mentioned,,,,3
2021-02-14 22:02:24,2021-02-14 22:03:27,IP Address,213.152.188.86,100,63,True,2021-02-14 22:03:28,R_1gH33lkK5Ue7WQ9,,,,,52.3520050048828125,4.9391937255859375,anonymous,EN,Noon,p_b5601f770cd94a18,3,Not present,Present,,Not Mentioned,,,,3
2021-02-14 22:03:32,2021-02-14 22:04:31,IP Address,213.152.188.86,100,59,True,2021-02-14 22:04:32,R_1gMjtvU8gCRZ5yd,,,,,52.3520050048828125,4.9391937255859375,anonymous,EN,Noon,p_b5601f770cd94a18,4,Present,Present,,Mentioned,Related to warmth,Related to competence,,4
2021-02-14 22:04:37,2021-02-14 22:05:39,IP Address,213.152.188.86,100,62,True,2021-02-14 22:05:39,R_1Cwl4livBg6bkjX,,,,,52.3520050048828125,4.9391937255859375,anonymous,EN,Noon,p_b5601f770cd94a18,5,Present,Present,,Mentioned,Related to warmth,Related to competence,,4
2021-02-14 22:05:43,2021-02-14 22:06:34,IP Address,213.152.188.86,100,50,True,2021-02-14 22:06:34,R_3kMravUA4eN1wdU,,,,,52.3520050048828125,4.9391937255859375,anonymous,EN,Noon,p_b5601f770cd94a18,6,Present,Present,,Not Mentioned,,,,4
2021-02-14 22:06:38,2021-02-14 22:09:14,IP Address,213.152.188.86,100,156,True,2021-02-14 22:09:16,R_3RaST4cm5bi9fAE,,,,,52.3520050048828125,4.9391937255859375,anonymous,EN,Noon,p_b5601f770cd94a18,7,Present,Not present,,Mentioned,Related to warmth,Not related to competence,,4
2021-02-14 22:09:20,2021-02-14 22:10:04,IP Address,213.152.188.86,100,44,True,2021-02-14 22:10:04,R_0TibkyDJp3tzP6p,,,,,52.3520050048828125,4.9391937255859375,anonymous,EN,Noon,p_b5601f770cd94a18,8,Present,Present,,Not Mentioned,,,,4
2021-02-14 22:10:08,2021-02-14 22:11:09,IP Address,213.152.188.86,100,60,True,2021-02-14 22:11:09,R_CaGqV2HglPH0MWl,,,,,52.3520050048828125,4.9391937255859375,anonymous,EN,Noon,p_b5601f770cd94a18,9,Not present,Not present,,Not Mentioned,,,,3
2021-02-14 22:11:14,2021-02-14 22:12:14,IP Address,213.152.188.86,100,60,True,2021-02-14 22:12:14,R_TbgIezl707lkbZL,,,,,52.3520050048828125,4.9391937255859375,anonymous,EN,Noon,p_b5601f770cd94a18,10,Present,Present,,Mentioned,Related to warmth,Related to competence,,4
2021-02-14 22:12:18,2021-02-14 22:13:08,IP Address,213.152.188.86,100,50,True,2021-02-14 22:13:10,R_25LXVqy6b5Yk9Qy,,,,,52.3520050048828125,4.9391937255859375,anonymous,EN,Noon,p_b5601f770cd94a18,11,Present,Present,,Mentioned,Related to warmth,Related to competence,,4
2021-02-14 22:13:13,2021-02-14 22:13:53,IP Address,213.152.188.86,100,40,True,2021-02-14 22:13:53,R_PYedNttDeYaLnH3,,,,,52.3520050048828125,4.9391937255859375,anonymous,EN,Noon,p_b5601f770cd94a18,12,Not present,Present,,Mentioned,Not related to warmth,Related to competence,,3
2021-02-14 22:13:57,2021-02-14 22:14:48,IP Address,213.152.188.86,100,51,True,2021-02-14 22:14:48,R_aaZaIhIzHDCGA5X,,,,,52.3520050048828125,4.9391937255859375,anonymous,EN,Noon,p_b5601f770cd94a18,13,Present,Not present,,Mentioned,Related to warmth,Not related to competence,,4
2021-02-14 22:14:52,2021-02-14 22:15:33,IP Address,213.152.188.86,100,41,True,2021-02-14 22:15:34,R_2aK7nmAaua6bOWr,,,,,52.3520050048828125,4.9391937255859375,anonymous,EN,Noon,p_b5601f770cd94a18,14,Present,Present,,Mentioned,Related to warmth,Related to competence,,4
2021-02-14 22:15:42,2021-02-14 22:16:30,IP Address,213.152.188.86,100,48,True,2021-02-14 22:16:32,R_vvjWiJks0itDAeB,,,,,52.3520050048828125,4.9391937255859375,anonymous,EN,Noon,p_b5601f770cd94a18,15,Not present,Present,,Not Mentioned,,,,3
2021-02-14 22:16:34,2021-02-14 22:18:26,IP Address,213.152.188.86,100,112,True,2021-02-14 22:18:26,R_1QsJl8ufmMGeVDk,,,,,52.3520050048828125,4.9391937255859375,anonymous,EN,Noon,p_b5601f770cd94a18,16,Present,Present,,Mentioned,Related to warmth,Related to competence,,4
2021-02-14 22:18:32,2021-02-14 22:19:22,IP Address,213.152.188.86,100,49,True,2021-02-14 22:19:22,R_2BmVayGoIkoFeJv,,,,,52.3520050048828125,4.9391937255859375,anonymous,EN,Noon,p_b5601f770cd94a18,17,Present,Present,,Mentioned,Related to warmth,Related to competence,,4
2021-02-14 22:19:26,2021-02-14 22:20:22,IP Address,213.152.188.86,100,55,True,2021-02-14 22:20:24,R_yR4xuBvJE1h3NCx,,,,,52.3520050048828125,4.9391937255859375,anonymous,EN,Noon,p_b5601f770cd94a18,18,Not present,Present,,Mentioned,Not related to warmth,Related to competence,,3
2021-02-14 22:20:27,2021-02-14 22:21:07,IP Address,213.152.188.86,100,40,True,2021-02-14 22:21:07,R_W37vtFNRIbCQvcJ,,,,,52.3520050048828125,4.9391937255859375,anonymous,EN,Noon,p_b5601f770cd94a18,19,Not present,Present,,Not Mentioned,,,,3
2021-02-14 22:21:12,2021-02-14 22:22:06,IP Address,213.152.188.86,100,53,True,2021-02-14 22:22:06,R_e2ptO0RZ80HhsT7,,,,,52.3520050048828125,4.9391937255859375,anonymous,EN,Noon,p_b5601f770cd94a18,20,Not present,Present,,Mentioned,Not related to warmth,Related to competence,,3
2021-02-14 22:22:15,2021-02-14 22:23:16,IP Address,213.152.188.86,100,60,True,2021-02-14 22:23:16,R_27m0f32owJ3qtia,,,,,52.3520050048828125,4.9391937255859375,anonymous,EN,Noon,p_b5601f770cd94a18,21,Present,Present,,Mentioned,Related to warmth,Related to competence,,4
2021-02-14 22:23:21,2021-02-14 22:24:17,IP Address,213.152.188.86,100,55,True,2021-02-14 22:24:17,R_1eJG1UsxySanmrc,,,,,52.3520050048828125,4.9391937255859375,anonymous,EN,Noon,p_b5601f770cd94a18,22,Present,Present,,Not Mentioned,,,,4
2021-02-14 22:24:22,2021-02-14 22:25:03,IP Address,213.152.188.86,100,41,True,2021-02-14 22:25:03,R_VPFa6PDLS8Yt5iF,,,,,52.3520050048828125,4.9391937255859375,anonymous,EN,Noon,p_b5601f770cd94a18,23,Not present,Present,,Not Mentioned,,,,3
2021-02-14 22:25:07,2021-02-14 22:25:58,IP Address,213.152.188.86,100,51,True,2021-02-14 22:25:59,R_2SAkDr4hLPzFtdE,,,,,52.3520050048828125,4.9391937255859375,anonymous,EN,Noon,p_b5601f770cd94a18,24,Present,Present,,Not Mentioned,,,,4
2021-02-14 22:26:03,2021-02-14 22:26:52,IP Address,213.152.188.86,100,49,True,2021-02-14 22:26:53,R_1r7dGxFFkOISv5k,,,,,52.3520050048828125,4.9391937255859375,anonymous,EN,Noon,p_b5601f770cd94a18,25,Present,Not present,,Not Mentioned,,,,4
2021-02-14 22:26:56,2021-02-14 22:28:23,IP Address,213.152.188.86,100,86,True,2021-02-14 22:28:23,R_Qg38MF3ksbWHQYN,,,,,52.3520050048828125,4.9391937255859375,anonymous,EN,Noon,p_b5601f770cd94a18,26,Present,Present,,Not Mentioned,,,,4
2021-02-14 22:28:28,2021-02-14 22:29:00,IP Address,213.152.188.86,100,32,True,2021-02-14 22:29:00,R_2tDtrW5eGUEXt0U,,,,,52.3520050048828125,4.9391937255859375,anonymous,EN,Noon,p_b5601f770cd94a18,27,Present,Not present,,Not Mentioned,,,,4
2021-02-14 22:29:04,2021-02-14 22:29:37,IP Address,213.152.188.86,100,32,True,2021-02-14 22:29:37,R_3nqRODEPNbstJJY,,,,,52.3520050048828125,4.9391937255859375,anonymous,EN,Noon,p_b5601f770cd94a18,28,Not present,Present,,Not Mentioned,,,,3
2021-02-14 22:29:43,2021-02-14 22:30:13,IP Address,213.152.188.86,100,29,True,2021-02-14 22:30:13,R_3LhGwQQQJXGCijK,,,,,52.3520050048828125,4.9391937255859375,anonymous,EN,Noon,p_b5601f770cd94a18,29,Not present,Present,,Not Mentioned,,,,3
2021-02-14 22:30:17,2021-02-14 22:30:49,IP Address,213.152.188.86,100,31,True,2021-02-14 22:30:49,R_3qeUuYMQIAKIhre,,,,,52.3520050048828125,4.9391937255859375,anonymous,EN,Noon,p_b5601f770cd94a18,30,Not present,Not present,,Not Mentioned,,,,3
2021-02-14 22:30:53,2021-02-14 22:31:34,IP Address,213.152.188.86,100,40,True,2021-02-14 22:31:34,R_reR8j3tqciAIzpT,,,,,52.3520050048828125,4.9391937255859375,anonymous,EN,Noon,p_b5601f770cd94a18,31,Present,Present,,Not Mentioned,,,,4
2021-02-14 22:31:37,2021-02-14 22:34:22,IP Address,213.152.188.86,100,164,True,2021-02-14 22:34:22,R_1EYTDcREvLvlzgL,,,,,52.3520050048828125,4.9391937255859375,anonymous,EN,Noon,p_b5601f770cd94a18,32,Not present,Present,,Not Mentioned,,,,3
2021-02-14 22:34:26,2021-02-14 22:35:26,IP Address,213.152.188.86,100,59,True,2021-02-14 22:35:26,R_2PjpDlHW4v4IKdf,,,,,52.3520050048828125,4.9391937255859375,anonymous,EN,Noon,p_b5601f770cd94a18,33,Not present,Present,,Not Mentioned,,,,3
2021-02-14 22:35:30,2021-02-14 22:36:06,IP Address,213.152.188.86,100,35,True,2021-02-14 22:36:07,R_26beSJVf92q0yHJ,,,,,52.3520050048828125,4.9391937255859375,anonymous,EN,Noon,p_b5601f770cd94a18,34,Present,Not present,,Not Mentioned,,,,4
2021-02-14 22:36:09,2021-02-14 22:36:46,IP Address,213.152.188.86,100,36,True,2021-02-14 22:36:46,R_1QzjTtsCu3J4Yrm,,,,,52.3520050048828125,4.9391937255859375,anonymous,EN,Noon,p_b5601f770cd94a18,35,Present,Not present,,Not Mentioned,,,,4
2021-02-14 22:36:52,2021-02-14 22:53:19,IP Address,213.152.188.86,100,987,True,2021-02-14 22:53:20,R_zTCgAmEsSpOoQg1,,,,,52.3520050048828125,4.9391937255859375,anonymous,EN,Noon,p_0ae7d7a660484a18,1,Present,Not present,,Not Mentioned,,,,4
2021-02-15 12:21:34,2021-02-15 12:28:08,IP Address,45.84.40.162,100,393,True,2021-02-15 12:28:08,R_2SkIJJAc80KbJxL,,,,,52.3927001953125,4.8235015869140625,anonymous,EN,Rhea,p_0ae7d7a660484a18,1,Not present,Not present,Intro,Not Mentioned,,,,1
2021-02-15 12:28:10,2021-02-15 12:28:24,IP Address,45.84.40.162,100,14,True,2021-02-15 12:28:24,R_2PCljrwds07L0wV,,,,,52.3927001953125,4.8235015869140625,anonymous,EN,Rhea,p_0ae7d7a660484a18,2,Not present,Not present,Filler,Not Mentioned,,,,1
2021-02-15 12:28:25,2021-02-15 12:28:43,IP Address,45.84.40.162,100,17,True,2021-02-15 12:28:44,R_1LFfyoCfkLJc0xg,,,,,52.3927001953125,4.8235015869140625,anonymous,EN,Rhea,p_0ae7d7a660484a18,3,Not present,Not present,,Not Mentioned,,,,1
2021-02-15 12:28:47,2021-02-15 12:29:03,IP Address,45.84.40.162,100,16,True,2021-02-15 12:29:03,R_3D1hxCW1L51AxDZ,,,,,52.3927001953125,4.8235015869140625,anonymous,EN,Rhea,p_0ae7d7a660484a18,4,Not present,Not present,,Not Mentioned,,,,1
2021-02-15 12:29:04,2021-02-15 12:29:40,IP Address,45.84.40.162,100,35,True,2021-02-15 12:29:42,R_3fiY4I8SLWOEHH3,,,,,52.3927001953125,4.8235015869140625,anonymous,EN,Rhea,p_0ae7d7a660484a18,5,Not present,Not present,,Not Mentioned,,,,1
2021-02-15 12:29:42,2021-02-15 12:30:33,IP Address,45.84.40.162,100,51,True,2021-02-15 12:30:34,R_2A0aFzLvy8K8iRT,,,,,52.3927001953125,4.8235015869140625,anonymous,EN,Rhea,p_0ae7d7a660484a18,6,Not present,Not present,,Not Mentioned,,,,1
2021-02-15 12:30:35,2021-02-15 12:30:58,IP Address,45.84.40.162,100,22,True,2021-02-15 12:30:58,R_1eWZjETGvoJzKVg,,,,,52.3927001953125,4.8235015869140625,anonymous,EN,Rhea,p_0ae7d7a660484a18,7,Not present,Not present,,Not Mentioned,,,,1
2021-02-15 12:31:00,2021-02-15 12:31:19,IP Address,45.84.40.162,100,19,True,2021-02-15 12:31:19,R_3h3K9rgi1DrzqiE,,,,,52.3927001953125,4.8235015869140625,anonymous,EN,Rhea,p_0ae7d7a660484a18,8,Not present,Not present,,Not Mentioned,,,,1
2021-02-15 12:31:20,2021-02-15 12:31:40,IP Address,45.84.40.162,100,19,True,2021-02-15 12:31:40,R_3Mam7AUHj8uLEUS,,,,,52.3927001953125,4.8235015869140625,anonymous,EN,Rhea,p_0ae7d7a660484a18,9,Not present,Not present,,Not Mentioned,,,,1
2021-02-15 12:31:42,2021-02-15 12:32:13,IP Address,45.84.40.162,100,31,True,2021-02-15 12:32:13,R_2TYtXYOLJ9vizjG,,,,,52.3927001953125,4.8235015869140625,anonymous,EN,Rhea,p_0ae7d7a660484a18,10,Not present,Not present,,Not Mentioned,,,,1
2021-02-15 12:32:15,2021-02-15 12:32:50,IP Address,45.84.40.162,100,35,True,2021-02-15 12:32:51,R_2rU9hMQUB1uMwAZ,,,,,52.3927001953125,4.8235015869140625,anonymous,EN,Rhea,p_0ae7d7a660484a18,11,Not present,Not present,,Not Mentioned,,,,1
2021-02-15 12:32:52,2021-02-15 12:33:04,IP Address,45.84.40.162,100,11,True,2021-02-15 12:33:05,R_RWDoSsC7C8BbTvr,,,,,52.3927001953125,4.8235015869140625,anonymous,EN,Rhea,p_0ae7d7a660484a18,12,Not present,Not present,,Not Mentioned,,,,1
2021-02-15 12:33:06,2021-02-15 12:33:44,IP Address,45.84.40.162,100,38,True,2021-02-15 12:33:44,R_vODA17w6vuDS32F,,,,,52.3927001953125,4.8235015869140625,anonymous,EN,Rhea,p_0ae7d7a660484a18,13,Not present,Present,,Mentioned,Not related to warmth,Related to competence,,1
2021-02-15 12:33:46,2021-02-15 12:34:04,IP Address,45.84.40.162,100,18,True,2021-02-15 12:34:05,R_3nis5Vl3bJk3uIC,,,,,52.3927001953125,4.8235015869140625,anonymous,EN,Rhea,p_0ae7d7a660484a18,14,Not present,Present,,Mentioned,Not related to warmth,Related to competence,,1
2021-02-15 12:34:09,2021-02-15 12:34:31,IP Address,45.84.40.162,100,21,True,2021-02-15 12:34:31,R_VXxGcmq6bYdgfvz,,,,,52.3927001953125,4.8235015869140625,anonymous,EN,Rhea,p_0ae7d7a660484a18,15,Not present,Present,,Mentioned,Not related to warmth,Related to competence,,1
2021-02-15 12:34:32,2021-02-15 12:34:53,IP Address,45.84.40.162,100,20,True,2021-02-15 12:34:53,R_3J4M5XGj5bD78MO,,,,,52.3927001953125,4.8235015869140625,anonymous,EN,Rhea,p_0ae7d7a660484a18,16,Not present,Present,,Mentioned,Not related to warmth,Related to competence,,1
2021-02-15 12:34:55,2021-02-15 12:35:17,IP Address,45.84.40.162,100,22,True,2021-02-15 12:35:18,R_1LII7yqxOg998Zy,,,,,52.3927001953125,4.8235015869140625,anonymous,EN,Rhea,p_0ae7d7a660484a18,17,Not present,Present,,Mentioned,Not related to warmth,Related to competence,,1
2021-02-15 12:35:19,2021-02-15 12:35:43,IP Address,45.84.40.162,100,23,True,2021-02-15 12:35:43,R_1QmE1X8mbJxjJxD,,,,,52.3927001953125,4.8235015869140625,anonymous,EN,Rhea,p_0ae7d7a660484a18,17,Present,Present,,Mentioned,Related to warmth,Related to competence,,2
2021-02-15 12:35:44,2021-02-15 12:36:19,IP Address,45.84.40.162,100,35,True,2021-02-15 12:36:20,R_10BCq19KLws1eLt,,,,,52.3927001953125,4.8235015869140625,anonymous,EN,Rhea,p_0ae7d7a660484a18,18,Present,Present,,Not Mentioned,,,,2
2021-02-15 12:36:21,2021-02-15 12:36:38,IP Address,45.84.40.162,100,16,True,2021-02-15 12:36:38,R_aeCLlYfAT3nDdQd,,,,,52.3927001953125,4.8235015869140625,anonymous,EN,Rhea,p_0ae7d7a660484a18,19,Not present,Present,,Not Mentioned,,,,1
2021-02-15 12:36:39,2021-02-15 12:37:34,IP Address,45.84.40.162,100,55,True,2021-02-15 12:37:35,R_1F2KWxAzzMvyoLI,,,,,52.3927001953125,4.8235015869140625,anonymous,EN,Rhea,p_0ae7d7a660484a18,19,Not present,Present,,Mentioned,Not related to warmth,Related to competence,,1
2021-02-15 12:37:35,2021-02-15 12:37:53,IP Address,45.84.40.162,100,17,True,2021-02-15 12:37:54,R_3ozlcoRN2cCFpX2,,,,,52.3927001953125,4.8235015869140625,anonymous,EN,Rhea,p_0ae7d7a660484a18,20,Present,Present,,Mentioned,Related to warmth,Related to competence,,2
2021-02-15 12:37:57,2021-02-15 12:38:32,IP Address,45.84.40.162,100,35,True,2021-02-15 12:38:32,R_2ykNWpZwV4NSa9b,,,,,52.3927001953125,4.8235015869140625,anonymous,EN,Rhea,p_0ae7d7a660484a18,21,Not present,Present,,Not Mentioned,,,,1
2021-02-15 12:38:34,2021-02-15 12:38:53,IP Address,45.84.40.162,100,19,True,2021-02-15 12:38:53,R_VKER4G6OqX7cIHD,,,,,52.3927001953125,4.8235015869140625,anonymous,EN,Rhea,p_0ae7d7a660484a18,22,Present,Present,,Mentioned,Related to warmth,Related to competence,,2
2021-02-15 12:38:54,2021-02-15 12:39:52,IP Address,45.84.40.162,100,57,True,2021-02-15 12:39:53,R_1qglJzpRhjxAtS4,,,,,52.3927001953125,4.8235015869140625,anonymous,EN,Rhea,p_0ae7d7a660484a18,23,Present,Present,,Mentioned,Related to warmth,Related to competence,,2
2021-02-15 12:39:55,2021-02-15 12:40:13,IP Address,45.84.40.162,100,18,True,2021-02-15 12:40:13,R_3nenMcmpXQhqStf,,,,,52.3927001953125,4.8235015869140625,anonymous,EN,Rhea,p_0ae7d7a660484a18,24,Present,Present,,Mentioned,Related to warmth,Related to competence,,2
2021-02-15 12:40:15,2021-02-15 12:40:38,IP Address,45.84.40.162,100,23,True,2021-02-15 12:40:39,R_2EGK5iVQEc7On1k,,,,,52.3927001953125,4.8235015869140625,anonymous,EN,Rhea,p_0ae7d7a660484a18,25,Present,Present,,Mentioned,Related to warmth,Related to competence,,2
2021-02-15 12:40:41,2021-02-15 12:44:18,IP Address,45.84.40.162,100,217,True,2021-02-15 12:44:18,R_AdLo6fnPPCKwJGN,,,,,52.3927001953125,4.8235015869140625,anonymous,EN,Rhea,p_0ae7d7a660484a18,26,Present,Present,,Not Mentioned,,,,2
2021-02-15 12:44:19,2021-02-15 12:45:35,IP Address,45.84.40.162,100,75,True,2021-02-15 12:45:35,R_2Tq1zAcOfdMMYgG,,,,,52.3927001953125,4.8235015869140625,anonymous,EN,Rhea,p_0ae7d7a660484a18,30,Present,Present,,Not Mentioned,,,,2
2021-02-15 12:45:40,2021-02-15 12:46:24,IP Address,45.84.40.162,100,43,True,2021-02-15 12:46:24,R_1DPgaj1fEfS2kye,,,,,52.3927001953125,4.8235015869140625,anonymous,EN,Rhea,p_0ae7d7a660484a18,31,Present,Present,,Mentioned,Related to warmth,Not related to competence,,2
2021-02-15 12:46:25,2021-02-15 12:46:36,IP Address,45.84.40.162,100,10,True,2021-02-15 12:46:36,R_yDvCHY6JioA1Fn3,,,,,52.3927001953125,4.8235015869140625,anonymous,EN,Rhea,p_0ae7d7a660484a18,32,Not present,Not present,,Not Mentioned,,,,1
2021-02-15 12:46:37,2021-02-15 12:46:52,IP Address,45.84.40.162,100,14,True,2021-02-15 12:46:52,R_24IbzO0W2z9PiAn,,,,,52.3927001953125,4.8235015869140625,anonymous,EN,Rhea,p_0ae7d7a660484a18,33,Not present,Not present,,Not Mentioned,,,,1
2021-02-15 12:46:58,2021-02-15 12:49:01,IP Address,45.84.40.162,100,123,True,2021-02-15 12:49:02,R_yEZe54iepmKTO01,,,,,52.3927001953125,4.8235015869140625,anonymous,EN,Rhea,p_0ae7d7a660484a18,34,Present,Not present,,Not Mentioned,,,,2
2021-02-15 12:49:03,2021-02-15 12:49:33,IP Address,45.84.40.162,100,29,True,2021-02-15 12:49:33,R_9AjVcb0zH1fhXsR,,,,,52.3927001953125,4.8235015869140625,anonymous,EN,Rhea,p_0ae7d7a660484a18,35,Not present,Present,,Mentioned,Not related to warmth,Related to competence,,1
2021-02-15 12:49:35,2021-02-15 12:49:55,IP Address,45.84.40.162,100,20,True,2021-02-15 12:49:56,R_1dym1Skxwz877SY,,,,,52.3927001953125,4.8235015869140625,anonymous,EN,Rhea,p_0ae7d7a660484a18,36,Not present,Present,,Mentioned,Not related to warmth,Related to competence,,1
2021-02-15 12:49:56,2021-02-15 12:50:23,IP Address,45.84.40.162,100,26,True,2021-02-15 12:50:23,R_2DZItDO6JyDllWE,,,,,52.3927001953125,4.8235015869140625,anonymous,EN,Rhea,p_0ae7d7a660484a18,37,Not present,Present,,Mentioned,Not related to warmth,Related to competence,,1
2021-02-15 12:50:24,2021-02-15 12:51:11,IP Address,45.84.40.162,100,46,True,2021-02-15 12:51:11,R_2rG873Aj3Ul2ERw,,,,,52.3927001953125,4.8235015869140625,anonymous,EN,Rhea,p_0ae7d7a660484a18,38,Present,Present,,Mentioned,Related to warmth,Related to competence,,2
2021-02-15 12:51:12,2021-02-15 12:51:53,IP Address,45.84.40.162,100,40,True,2021-02-15 12:51:53,R_1gGbaB350vYtDVY,,,,,52.3927001953125,4.8235015869140625,anonymous,EN,Rhea,p_0ae7d7a660484a18,39,Not present,Present,,Mentioned,Not related to warmth,Related to competence,,1
2021-02-15 12:51:54,2021-02-15 12:52:19,IP Address,45.84.40.162,100,25,True,2021-02-15 12:52:20,R_3qLEDZYjsIIN9p7,,,,,52.3927001953125,4.8235015869140625,anonymous,EN,Rhea,p_0ae7d7a660484a18,40,Not present,Present,,Mentioned,Not related to warmth,Related to competence,,1
2021-02-15 12:52:21,2021-02-15 12:52:43,IP Address,45.84.40.162,100,21,True,2021-02-15 12:52:43,R_exGrm14JtL9i6qJ,,,,,52.3927001953125,4.8235015869140625,anonymous,EN,Rhea,p_0ae7d7a660484a18,42,Not present,Not present,,Not Mentioned,,,,1
2021-02-15 12:52:44,2021-02-15 12:53:03,IP Address,45.84.40.162,100,18,True,2021-02-15 12:53:03,R_2V4oP41beUNjN1w,,,,,52.3927001953125,4.8235015869140625,anonymous,EN,Rhea,p_0ae7d7a660484a18,43,Not present,Present,,Not Mentioned,,,,1
2021-02-15 12:53:04,2021-02-15 12:53:18,IP Address,45.84.40.162,100,13,True,2021-02-15 12:53:18,R_d5xQDANhrqCSXsd,,,,,52.3927001953125,4.8235015869140625,anonymous,EN,Rhea,p_0ae7d7a660484a18,44,Not present,Present,,Not Mentioned,,,,1
2021-02-15 12:53:18,2021-02-15 12:53:57,IP Address,45.84.40.162,100,38,True,2021-02-15 12:53:57,R_SUDy1BG87Azh7ih,,,,,52.3927001953125,4.8235015869140625,anonymous,EN,Rhea,p_0ae7d7a660484a18,45,Not present,Present,,Mentioned,Not related to warmth,Related to competence,,1
2021-02-15 12:53:58,2021-02-15 12:54:14,IP Address,45.84.40.162,100,16,True,2021-02-15 12:54:14,R_1H8fS2lmxQpBRlc,,,,,52.3927001953125,4.8235015869140625,anonymous,EN,Rhea,p_0ae7d7a660484a18,46,Not present,Not present,,Not Mentioned,,,,1
2021-02-15 12:54:16,2021-02-15 12:54:26,IP Address,45.84.40.162,100,9,True,2021-02-15 12:54:26,R_247EedfGQB24zDj,,,,,52.3927001953125,4.8235015869140625,anonymous,EN,Rhea,p_0ae7d7a660484a18,47,Not present,Not present,,Not Mentioned,,,,1
2021-02-15 12:54:30,2021-02-15 12:54:41,IP Address,45.84.40.162,100,11,True,2021-02-15 12:54:41,R_2qepBLLa1gMtAb0,,,,,52.3927001953125,4.8235015869140625,anonymous,EN,Rhea,p_0ae7d7a660484a18,48,Not present,Not present,,Not Mentioned,,,,1
2021-02-15 12:54:44,2021-02-15 12:55:03,IP Address,45.84.40.162,100,18,True,2021-02-15 12:55:03,R_2cq2su2ReWbPsrz,,,,,52.3927001953125,4.8235015869140625,anonymous,EN,Rhea,p_0ae7d7a660484a18,49,Not present,Not present,,Not Mentioned,,,,1
2021-02-15 12:55:04,2021-02-15 12:55:19,IP Address,45.84.40.162,100,14,True,2021-02-15 12:55:19,R_SYN4crBjwe3ThAZ,,,,,52.3927001953125,4.8235015869140625,anonymous,EN,Rhea,p_0ae7d7a660484a18,50,Not present,Not present,,Not Mentioned,,,,1
2021-02-15 12:55:21,2021-02-15 12:55:31,IP Address,45.84.40.162,100,10,True,2021-02-15 12:55:32,R_3KTMQq5tWdKK5Ty,,,,,52.3927001953125,4.8235015869140625,anonymous,EN,Rhea,p_0ae7d7a660484a18,51,Not present,Not present,,Not Mentioned,,,,1
2021-02-15 12:55:34,2021-02-15 12:56:03,IP Address,45.84.40.162,100,29,True,2021-02-15 12:56:03,R_2vkcJZtxhMh3LMH,,,,,52.3927001953125,4.8235015869140625,anonymous,EN,Rhea,p_0ae7d7a660484a18,52,Not present,Not present,,Not Mentioned,,,,1
2021-02-15 12:56:09,2021-02-15 12:56:32,IP Address,45.84.40.162,100,23,True,2021-02-15 12:56:33,R_1eVmCwPnCPsHTCv,,,,,52.3927001953125,4.8235015869140625,anonymous,EN,Rhea,p_0ae7d7a660484a18,53,Not present,Not present,,Not Mentioned,,,,1
2021-02-15 12:56:34,2021-02-15 12:56:48,IP Address,45.84.40.162,100,13,True,2021-02-15 12:56:48,R_3EFi8GAAdruVs6p,,,,,52.3927001953125,4.8235015869140625,anonymous,EN,Rhea,p_0ae7d7a660484a18,54,Not present,Not present,,Not Mentioned,,,,1
2021-02-16 00:17:53,2021-02-16 00:19:00,IP Address,178.239.173.200,100,67,True,2021-02-16 00:19:00,R_1eE4XGnD7Dfh2sH,,,,,52.3533935546875,4.9087066650390625,anonymous,EN,Noon,p_0ae7d7a660484a18,2,Not present,Not present,,Not Mentioned,,,,3
2021-02-16 00:19:05,2021-02-16 00:19:47,IP Address,178.239.173.200,100,42,True,2021-02-16 00:19:48,R_vIgaKpLZfqRUG0V,,,,,52.3533935546875,4.9087066650390625,anonymous,EN,Noon,p_0ae7d7a660484a18,3,Present,Not present,,Not Mentioned,,,,4
2021-02-16 00:19:50,2021-02-16 00:21:10,IP Address,178.239.173.200,100,79,True,2021-02-16 00:21:11,R_3PTACqezKH0Jvom,,,,,52.3533935546875,4.9087066650390625,anonymous,EN,Noon,p_0ae7d7a660484a18,4,Not present,Present,,Not Mentioned,,,,3
2021-02-16 00:21:12,2021-02-16 00:22:01,IP Address,178.239.173.200,100,48,True,2021-02-16 00:22:02,R_xnF7YLly18Xl4gV,,,,,52.3533935546875,4.9087066650390625,anonymous,EN,Noon,p_0ae7d7a660484a18,5,Not present,Present,,Not Mentioned,,,,3
2021-02-16 00:22:50,2021-02-16 00:24:06,IP Address,178.239.173.200,100,76,True,2021-02-16 00:24:07,R_vUomSBSFJ9qjZMR,,,,,52.3533935546875,4.9087066650390625,anonymous,EN,Noon,p_0ae7d7a660484a18,6,Not present,Present,,Not Mentioned,,,,3
2021-02-16 00:24:08,2021-02-16 00:24:48,IP Address,178.239.173.200,100,39,True,2021-02-16 00:24:48,R_3Gj5JnSOv7ETMvj,,,,,52.3533935546875,4.9087066650390625,anonymous,EN,Noon,p_0ae7d7a660484a18,7,Not present,Present,,Not Mentioned,,,,3
2021-02-16 00:25:29,2021-02-16 00:26:08,IP Address,178.239.173.200,100,38,True,2021-02-16 00:26:08,R_cCNyj20eOeYKUXT,,,,,52.3533935546875,4.9087066650390625,anonymous,EN,Noon,p_0ae7d7a660484a18,8,Present,Not present,,Not Mentioned,,,,4
2021-02-16 00:26:12,2021-02-16 00:27:09,IP Address,178.239.173.200,100,56,True,2021-02-16 00:27:09,R_1k0QOTbweoNUwL1,,,,,52.3533935546875,4.9087066650390625,anonymous,EN,Noon,p_0ae7d7a660484a18,8,Present,Present,,Not Mentioned,,,,4
2021-02-16 00:27:12,2021-02-16 00:27:59,IP Address,178.239.173.200,100,47,True,2021-02-16 00:27:59,R_2qguvPtKFWhMWoN,,,,,52.3533935546875,4.9087066650390625,anonymous,EN,Noon,p_0ae7d7a660484a18,9,Present,Not present,,Not Mentioned,,,,4
2021-02-16 00:28:02,2021-02-16 00:28:56,IP Address,178.239.173.200,100,54,True,2021-02-16 00:28:56,R_2aV1zbwrT6JfXEd,,,,,52.3533935546875,4.9087066650390625,anonymous,EN,Noon,p_0ae7d7a660484a18,10,Present,Present,,Not Mentioned,,,,4
2021-02-16 00:28:59,2021-02-16 00:29:18,IP Address,178.239.173.200,100,19,True,2021-02-16 00:29:19,R_0kWNkQySmGo2uWZ,,,,,52.3533935546875,4.9087066650390625,anonymous,EN,Noon,p_0ae7d7a660484a18,11,Not present,Not present,,Not Mentioned,,,,3
2021-02-16 00:29:24,2021-02-16 00:29:56,IP Address,178.239.173.200,100,31,True,2021-02-16 00:29:56,R_337nzJ2JRwFJwuE,,,,,52.3533935546875,4.9087066650390625,anonymous,EN,Noon,p_0ae7d7a660484a18,12,Not present,Present,,Mentioned,Not related to warmth,Related to competence,,3
2021-02-16 00:30:01,2021-02-16 00:31:02,IP Address,178.239.173.200,100,60,True,2021-02-16 00:31:02,R_1P745Q2dsdvRLf4,,,,,52.3533935546875,4.9087066650390625,anonymous,EN,Noon,p_0ae7d7a660484a18,13,Not present,Present,,Mentioned,Not related to warmth,Related to competence,,3
2021-02-16 00:31:04,2021-02-16 00:31:33,IP Address,178.239.173.200,100,28,True,2021-02-16 00:31:33,R_bBO6whTIbrJSzi9,,,,,52.3533935546875,4.9087066650390625,anonymous,EN,Noon,p_0ae7d7a660484a18,14,Not present,Present,,Mentioned,Not related to warmth,Related to competence,,3
2021-02-16 00:31:35,2021-02-16 00:32:10,IP Address,178.239.173.200,100,35,True,2021-02-16 00:32:10,R_1q3CZYFtcwSO7SX,,,,,52.3533935546875,4.9087066650390625,anonymous,EN,Noon,p_0ae7d7a660484a18,15,Not present,Present,,Mentioned,Not related to warmth,Related to competence,,3
2021-02-16 00:32:15,2021-02-16 00:32:43,IP Address,178.239.173.200,100,27,True,2021-02-16 00:32:43,R_1LIIEcfEv5rCaHT,,,,,52.3533935546875,4.9087066650390625,anonymous,EN,Noon,p_0ae7d7a660484a18,16,Not present,Present,,Mentioned,Not related to warmth,Related to competence,,3
2021-02-16 00:32:45,2021-02-16 00:33:47,IP Address,178.239.173.200,100,61,True,2021-02-16 00:33:47,R_3ynbakYI3ZQp37r,,,,,52.3533935546875,4.9087066650390625,anonymous,EN,Noon,p_0ae7d7a660484a18,17,Not present,Present,,Mentioned,Not related to warmth,Related to competence,,3
2021-02-16 00:33:52,2021-02-16 00:34:27,IP Address,178.239.173.200,100,34,True,2021-02-16 00:34:27,R_204i5cD77fzXFJL,,,,,52.3533935546875,4.9087066650390625,anonymous,EN,Noon,p_0ae7d7a660484a18,18,Present,Present,,Mentioned,Related to warmth,Related to competence,,4
2021-02-16 00:34:30,2021-02-16 00:35:05,IP Address,178.239.173.200,100,35,True,2021-02-16 00:35:07,R_2frnn0dK2fpq0yv,,,,,52.3533935546875,4.9087066650390625,anonymous,EN,Noon,p_0ae7d7a660484a18,19,Not present,Present,,Mentioned,Not related to warmth,Related to competence,,3
2021-02-16 00:35:08,2021-02-16 00:35:34,IP Address,178.239.173.200,100,25,True,2021-02-16 00:35:34,R_vYN8rFUGiConTcB,,,,,52.3533935546875,4.9087066650390625,anonymous,EN,Noon,p_0ae7d7a660484a18,20,Not present,Present,,Mentioned,Not related to warmth,Related to competence,,3
2021-02-16 00:35:35,2021-02-16 00:36:04,IP Address,178.239.173.200,100,28,True,2021-02-16 00:36:06,R_3Pux63uejJbnWX6,,,,,52.3533935546875,4.9087066650390625,anonymous,EN,Noon,p_0ae7d7a660484a18,21,Not present,Present,,Mentioned,Not related to warmth,Related to competence,,3
2021-02-16 00:36:06,2021-02-16 00:36:37,IP Address,178.239.173.200,100,30,True,2021-02-16 00:36:39,R_2D6xQg8oYY7FF24,,,,,52.3533935546875,4.9087066650390625,anonymous,EN,Noon,p_0ae7d7a660484a18,22,Not present,Present,,Mentioned,Not related to warmth,Related to competence,,3
2021-02-16 00:36:45,2021-02-16 00:37:26,IP Address,178.239.173.200,100,41,True,2021-02-16 00:37:26,R_3EXZtwHVXWOMr0q,,,,,52.3533935546875,4.9087066650390625,anonymous,EN,Noon,p_0ae7d7a660484a18,23,Present,Present,,Mentioned,Related to warmth,Related to competence,,4
2021-02-16 00:37:29,2021-02-16 00:38:06,IP Address,178.239.173.200,100,37,True,2021-02-16 00:38:07,R_w4YFsu5Pun3R72N,,,,,52.3533935546875,4.9087066650390625,anonymous,EN,Noon,p_0ae7d7a660484a18,24,Not present,Present,,Mentioned,Not related to warmth,Related to competence,,3
2021-02-16 01:39:50,2021-02-16 01:40:19,IP Address,178.239.173.200,100,28,True,2021-02-16 01:40:21,R_1DAQnL41Cn6030v,,,,,52.3533935546875,4.9087066650390625,anonymous,EN,Noon,p_0ae7d7a660484a18,25,Not present,Present,,Mentioned,Not related to warmth,Related to competence,,3
2021-02-16 01:40:27,2021-02-16 01:40:52,IP Address,178.239.173.200,100,24,True,2021-02-16 01:40:52,R_TcoTCQ6smUqIu9b,,,,,52.3533935546875,4.9087066650390625,anonymous,EN,Noon,p_0ae7d7a660484a18,26,Not present,Present,,Mentioned,Not related to warmth,Related to competence,,3
2021-02-16 01:40:54,2021-02-16 01:41:23,IP Address,178.239.173.200,100,28,True,2021-02-16 01:41:23,R_8oVhPAOnQuqoLBv,,,,,52.3533935546875,4.9087066650390625,anonymous,EN,Noon,p_0ae7d7a660484a18,27,Present,Present,,Mentioned,Related to warmth,Related to competence,,4
2021-02-16 01:41:25,2021-02-16 01:41:56,IP Address,178.239.173.200,100,31,True,2021-02-16 01:41:57,R_3PZBp8wUtcJRDvg,,,,,52.3533935546875,4.9087066650390625,anonymous,EN,Noon,p_0ae7d7a660484a18,28,Present,Present,,Mentioned,Related to warmth,Related to competence,,4
2021-02-16 01:42:05,2021-02-16 01:43:08,IP Address,178.239.173.200,100,63,True,2021-02-16 01:43:08,R_9u8S8JZBjZq4hBn,,,,,52.3533935546875,4.9087066650390625,anonymous,EN,Noon,p_0ae7d7a660484a18,29,Present,Present,,Not Mentioned,,,,4
2021-02-16 01:43:11,2021-02-16 01:43:45,IP Address,178.239.173.200,100,34,True,2021-02-16 01:43:45,R_3kpPhGI5S1B8vrf,,,,,52.3533935546875,4.9087066650390625,anonymous,EN,Noon,p_0ae7d7a660484a18,30,Present,Not present,,Not Mentioned,,,,4
2021-02-16 01:43:46,2021-02-16 01:44:17,IP Address,178.239.173.200,100,31,True,2021-02-16 01:44:18,R_3KBMqXsDCGyhsQx,,,,,52.3533935546875,4.9087066650390625,anonymous,EN,Noon,p_0ae7d7a660484a18,31,Present,Present,,Not Mentioned,,,,4
2021-02-16 01:44:20,2021-02-16 01:45:03,IP Address,178.239.173.200,100,43,True,2021-02-16 01:45:03,R_12yAcwc1qCbycOb,,,,,52.3533935546875,4.9087066650390625,anonymous,EN,Noon,p_0ae7d7a660484a18,32,Present,Not present,,Mentioned,Related to warmth,Not related to competence,,4
2021-02-16 01:45:08,2021-02-16 01:45:28,IP Address,178.239.173.200,100,19,True,2021-02-16 01:45:28,R_1N93Po1fZCQ5RRP,,,,,52.3533935546875,4.9087066650390625,anonymous,EN,Noon,p_0ae7d7a660484a18,33,Not present,Not present,,Not Mentioned,,,,3
2021-02-16 01:45:34,2021-02-16 01:46:04,IP Address,178.239.173.200,100,29,True,2021-02-16 01:46:04,R_9H3gcpXscS7qrSh,,,,,52.3533935546875,4.9087066650390625,anonymous,EN,Noon,p_0ae7d7a660484a18,34,Not present,Not present,,Not Mentioned,,,,3
2021-02-16 01:46:06,2021-02-16 01:46:33,IP Address,178.239.173.200,100,27,True,2021-02-16 01:46:34,R_3RlU2TDVAHzAsGg,,,,,52.3533935546875,4.9087066650390625,anonymous,EN,Noon,p_0ae7d7a660484a18,35,Present,Not present,,Not Mentioned,,,,4
2021-02-16 01:46:36,2021-02-16 01:47:04,IP Address,178.239.173.200,100,28,True,2021-02-16 01:47:05,R_2ah7EhcGXxTCGVH,,,,,52.3533935546875,4.9087066650390625,anonymous,EN,Noon,p_0ae7d7a660484a18,36,Not present,Present,,Not Mentioned,,,,3
2021-02-16 01:47:07,2021-02-16 01:47:49,IP Address,178.239.173.200,100,41,True,2021-02-16 01:47:50,R_3qWGpTgS1thUhsG,,,,,52.3533935546875,4.9087066650390625,anonymous,EN,Noon,p_0ae7d7a660484a18,37,Not present,Present,,Not Mentioned,,,,3
2021-02-16 01:47:53,2021-02-16 01:48:17,IP Address,178.239.173.200,100,23,True,2021-02-16 01:48:17,R_DSJFjNfVgH8UmtP,,,,,52.3533935546875,4.9087066650390625,anonymous,EN,Noon,p_0ae7d7a660484a18,38,Not present,Present,,Not Mentioned,,,,3
2021-02-16 01:48:20,2021-02-16 01:48:48,IP Address,178.239.173.200,100,27,True,2021-02-16 01:48:48,R_pzpO63AgXjFFPZT,,,,,52.3533935546875,4.9087066650390625,anonymous,EN,Noon,p_0ae7d7a660484a18,39,Not present,Present,,Not Mentioned,,,,3
2021-02-16 01:48:50,2021-02-16 01:49:45,IP Address,178.239.173.200,100,54,True,2021-02-16 01:49:45,R_ZJ0ovcSakY7Hl6h,,,,,52.3533935546875,4.9087066650390625,anonymous,EN,Noon,p_0ae7d7a660484a18,40,Not present,Present,,Not Mentioned,,,,3
2021-02-16 01:49:51,2021-02-16 01:50:09,IP Address,178.239.173.200,100,17,True,2021-02-16 01:50:09,R_2aFCbZJQVxWT4JE,,,,,52.3533935546875,4.9087066650390625,anonymous,EN,Noon,p_0ae7d7a660484a18,41,Not present,Not present,,Not Mentioned,,,,3
2021-02-16 01:50:11,2021-02-16 01:50:57,IP Address,178.239.173.200,100,46,True,2021-02-16 01:50:57,R_3KJYifHJWePEKIz,,,,,52.3533935546875,4.9087066650390625,anonymous,EN,Noon,p_0ae7d7a660484a18,41,Not present,Present,,Not Mentioned,,,,3
2021-02-16 01:50:59,2021-02-16 01:51:27,IP Address,178.239.173.200,100,27,True,2021-02-16 01:51:27,R_5mSZpaWwV0BZRNn,,,,,52.3533935546875,4.9087066650390625,anonymous,EN,Noon,p_0ae7d7a660484a18,43,Not present,Present,,Not Mentioned,,,,3
2021-02-16 01:51:33,2021-02-16 01:51:58,IP Address,178.239.173.200,100,24,True,2021-02-16 01:51:58,R_3FPNKWbUI9dxJCi,,,,,52.3533935546875,4.9087066650390625,anonymous,EN,Noon,p_0ae7d7a660484a18,44,Not present,Present,,Not Mentioned,,,,3
2021-02-16 01:52:02,2021-02-16 01:52:23,IP Address,178.239.173.200,100,21,True,2021-02-16 01:52:23,R_3iEds5qMWgTxbjd,,,,,52.3533935546875,4.9087066650390625,anonymous,EN,Noon,p_0ae7d7a660484a18,45,Present,Present,,Not Mentioned,,,,4
2021-02-16 01:52:25,2021-02-16 01:52:51,IP Address,178.239.173.200,100,25,True,2021-02-16 01:52:51,R_pmmgurVjFSQi6vD,,,,,52.3533935546875,4.9087066650390625,anonymous,EN,Noon,p_0ae7d7a660484a18,46,Not present,Not present,,Not Mentioned,,,,3
2021-02-16 01:52:53,2021-02-16 01:53:20,IP Address,178.239.173.200,100,27,True,2021-02-16 01:53:20,R_1JRPxgBTqccfoZE,,,,,52.3533935546875,4.9087066650390625,anonymous,EN,Noon,p_0ae7d7a660484a18,47,Present,Not present,,Not Mentioned,,,,4
2021-02-16 01:53:26,2021-02-16 01:54:01,IP Address,178.239.173.200,100,35,True,2021-02-16 01:54:01,R_25MaY4PndmV6Y2F,,,,,52.3533935546875,4.9087066650390625,anonymous,EN,Noon,p_0ae7d7a660484a18,48,Present,Not present,,Not Mentioned,,,,4
2021-02-16 01:54:03,2021-02-16 01:54:35,IP Address,178.239.173.200,100,31,True,2021-02-16 01:54:35,R_9Ts5LCASIYwIIDL,,,,,52.3533935546875,4.9087066650390625,anonymous,EN,Noon,p_0ae7d7a660484a18,49,Present,Not present,,Not Mentioned,,,,4
2021-02-16 01:54:41,2021-02-16 01:55:04,IP Address,178.239.173.200,100,23,True,2021-02-16 01:55:04,R_p6FQ0ApLVNCtXe9,,,,,52.3533935546875,4.9087066650390625,anonymous,EN,Noon,p_0ae7d7a660484a18,50,Not present,Not present,,Not Mentioned,,,,3
2021-02-16 01:55:06,2021-02-16 01:55:38,IP Address,178.239.173.200,100,31,True,2021-02-16 01:55:38,R_XumgPz09nHZ8MlH,,,,,52.3533935546875,4.9087066650390625,anonymous,EN,Noon,p_0ae7d7a660484a18,51,Present,Not present,,Not Mentioned,,,,4
2021-02-16 01:55:43,2021-02-16 01:56:13,IP Address,178.239.173.200,100,29,True,2021-02-16 01:56:14,R_1djoahuREEbjGNh,,,,,52.3533935546875,4.9087066650390625,anonymous,EN,Noon,p_0ae7d7a660484a18,52,Not present,Present,,Not Mentioned,,,,3
2021-02-16 01:56:15,2021-02-16 01:56:45,IP Address,178.239.173.200,100,30,True,2021-02-16 01:56:46,R_27e6hZesrfOlyPu,,,,,52.3533935546875,4.9087066650390625,anonymous,EN,Noon,p_0ae7d7a660484a18,53,Not present,Not present,,Not Mentioned,,,,3
2021-02-16 01:56:48,2021-02-16 01:57:21,IP Address,178.239.173.200,100,33,True,2021-02-16 01:57:21,R_x4y8v8OCMhTFZmx,,,,,52.3533935546875,4.9087066650390625,anonymous,EN,Noon,p_0ae7d7a660484a18,54,Present,Present,,Not Mentioned,,,,4
