Data Row,Search Keyword,Platform,Job ID,Job Title,Tracking ID,Company Name,Location,Industry,Job Description,Employment Type,Company URL,Job URL,Job Age,Job Age Number,Job Date,Collection Date
1,network specialist,LinkedIn,2333602806,Network engineer,bRV7nO8uGWWsojGzY7NyDQ==,StackOps,"Amsterdam, North Holland, Netherlands","['Computer Software', 'Internet', 'Computer & Network Security']","Wil jij deel uitmaken van een gedreven netwerk team die oplossingen bouwt voor interessante omgevingen, , Wat ga je doen, , Als Netwerk Engineer ga je samen met een team van ruim tien engineers de strijd aan om de beste managed cloud provider in Nederland te worden Je speelt een belangrijke rol in het ontwerpen, bouwen en onderhouden van high end netwerk solutions Zowel zelfstandig als met het team lever je end to end connectiviteit en beveiliging aan de netwerken van de diverse klanten Denk aan LAN, WAN en bijvoorbeeld WiFi Daarnaast ben je betrokken bij grote projecten waarbij je skills dagelijks op de proef worden gesteld, , , , Om te kunnen belanden in het team van network specialist zien we graag een aantal capaciteiten terug, , , , , , , , , Je gaat aan de slag bij een organisatie die hoogwaardige cloud en beheerdiensten levert Die doen zij voornamelijk voor nonprofitorganisaties Hierdoor kunnen zij doelen verwezenlijken De kwaliteit staat hier hoog in het vaandel en ze vinden een goede samenwerking met klanten erg belangrijk, , Binnen de organisatie word niemand gezien als nummertje Je bouwt met je team, maar ook de klanten een goede band op en dit word enorm gewaardeerd Ik de praktijk betekent dit voor jou korte lijnen, eerlijke antwoorden een lange termijn visie",Full-time,https://www.linkedin.com/jobs/view/externalApply/2333602806?url=https%3A%2F%2Fneuvoo%2Enl%2Fjob%2Ephp%3Fid%3D06d3fb69d736%26source%3Dlinkedin%26utm_source%3Dpartner%26utm_medium%3Dlinkedin%26puid%3Dfddgcddaeadcgddd7adafade9ddagdd7aadcfdd93dedcdcafec3ddcg3e&urlHash=XG_G&refId=efd2ffcd-a3db-4239-8cf2-31c7e74259d6&trackingId=bRV7nO8uGWWsojGzY7NyDQ%3D%3D&trk=public_jobs_apply-link-offsite,https://nl.linkedin.com/jobs/view/network-engineer-at-stackops-2333602806?refId=efd2ffcd-a3db-4239-8cf2-31c7e74259d6&trackingId=bRV7nO8uGWWsojGzY7NyDQ%3D%3D&position=1&pageNum=0&trk=public_jobs_job-result-card_result-card_full-click,2 months ago,2 months ago,18/10/2020,06/12/2020
2,network specialist,LinkedIn,2306133249,Ervaren Netwerk Architect gezocht - Hoofddorp,J9EMpJCy4PsyAX+P/4pCig==,CareerValue BV,"Hoofddorp, North Holland, Netherlands","['Information Technology and Services', 'Computer Software', 'Staffing and Recruiting']","De Functie, , , , Als Netwerk Architect ben je verantwoordelijk voor het beheer en continu verbeteren van de Netwerk infrastructuur Daarnaast ben je bezig met het doorvoeren van changes en geef je ondersteuning en begeleiding aan collega network specialist In deze functie is het van belang dat je goed kan schakelen tussen verschillende stakeholders en ben je in staat om complexe incidenten op te lossen, , Het gaat hier om een interne functie op basis van 36 uur, , , , Om in aanmerking te komen voor de bovenstaande functie, zijn een aantal punten van belang, ,  Je hebt minimaal een afgeronde HBO opleiding,  Je hebt minimaal 5 jaar ervaring in een soortgelijke functie,  Je hebt kennis en ervaring met Netwerkbeheer en architectuur,  Je hebt kennis en ervaring met Switches, Routers en Firewalls,  Je hebt kennis en ervaring met DNS en DHCP,  Je hebt relevante certificaten behaald zoals CCNA enof CCNP,  Kennis en ervaring met Security is een pr, , , ,  36 uur,  13e maand,  opleidingsbudget,  100 reiskostenvergoeding met het OV, , , , Mauricio Akerina, 0614 33 87 49, mauriciocareervaluenl, , , , Vast, , , , 3500  5000 euro, , , , Vaste werklocatie, werken in een vast team, niet te ver reizen, vaste werkplek, vaste standplaats, , , , Netwerk Engineer, , , , Netwerkbeheerder, Netwerkengineer, Infrastructuur, TCPIP, Infrastructuur, CISSP, CISA, Firewall, Switch, CCNA, CCNP",Full-time,https://www.linkedin.com/jobs/view/externalApply/2306133249?url=https%3A%2F%2Fneuvoo%2Enl%2Fjob%2Ephp%3Fid%3D82ff2d2d9e3e%26source%3Dlinkedin%26utm_source%3Dpartner%26utm_medium%3Dlinkedin%26puid%3Dfdd8cddeeadagada7ddefadc9ddegadcadd7fadb3dedcacbfec3ddcg3e&urlHash=Q01F&refId=efd2ffcd-a3db-4239-8cf2-31c7e74259d6&trackingId=J9EMpJCy4PsyAX%2BP%2F4pCig%3D%3D&trk=public_jobs_apply-link-offsite,https://nl.linkedin.com/jobs/view/ervaren-netwerk-architect-gezocht-hoofddorp-at-careervalue-b-v-2306133249?refId=efd2ffcd-a3db-4239-8cf2-31c7e74259d6&trackingId=J9EMpJCy4PsyAX%2BP%2F4pCig%3D%3D&position=2&pageNum=0&trk=public_jobs_job-result-card_result-card_full-click,2 months ago,2 months ago,18/10/2020,06/12/2020
3,network specialist,LinkedIn,2333283989,Netwerk Specialist | Den Bosch | Centric,gKCn18+8+2Z3qtZitW5iSQ==,Technicusnl,"sHertogenbosch, North Brabant, Netherlands","['Information Technology and Services', 'Computer Software', 'Computer & Network Security']","Vacature van Centric, locatie Den Bosch, , Voor de uitbreiding van ons onderdeel in sHertogenbosch en de uitbreiding van kennis zijn wij op zoek naar echte diehard network specialist De wereld wordt steeds virtueler en zo ook de netwerken die ons verbinden Maar onder aan de streep moeten ook al die netwerken nog steeds verbonden worden, , Als netwerk specialist bij Centric help jij onze klanten en collegas met zowel de virtuele als de fysieke infrastructuren, , Je hebt kennis van software defined networks denk aan Cisco ACI, campus en enterprise netwerken, maar ook van cloud networking zoals Azure virtual networks Firewalls en loadbalancers zijn je ook niet geheel vreemd en met al je kennis ben je in staat om naast het beheren ook netwerken te ontwerpen en en te bouwen, , De merken waar je bij ons het meest mee werkt zijn Cisco en HP Daarnaast met de eerder genoemde virtual networks Soms doe je dit bij een klant op locatie, van huis uit en de volgende keer weer bij een ander onderdeel van Centric intern, , De kennis die jij meebrengt gebruik je niet alleen bij klanten van Centric maar je draagt deze kennis ook over aan je collegas die van jou willen leren Dit kan op de werkvloer zijn maar ook via een workshop Daarnaast zorgen wij er voor dat je altijd bijblijft binnen jouw vakgebied door je alle tools te bieden die je nodig hebt Zoals de filosoof Confusius ooit zei Wie oude kennis koestert en voortdurend nieuwe vergaart, mag een leraar van anderen zijn, , , , , , 5cd8a0b9cc68f9ffa4c9253553278a55",Full-time,https://www.linkedin.com/jobs/view/externalApply/2333283989?url=https%3A%2F%2Fwww%2Etechnicus%2Enl%2Ftechnische-baan%2F90_328474_netwerk-specialist-den-bosch%2F%3Fsource%3D5cd8a0b9cc68f9ffa4c9253553278a55%26utm_source%3Dlinkedin%26utm_medium%3Dreferral%26utm_campaign%3Dlinkedin_referral_vertical_vac_feed%26utm_term%3Dict%2Bden%2Bbosch&urlHash=YjbQ&refId=efd2ffcd-a3db-4239-8cf2-31c7e74259d6&trackingId=gKCn18%2B8%2B2Z3qtZitW5iSQ%3D%3D&trk=public_jobs_apply-link-offsite,https://nl.linkedin.com/jobs/view/netwerk-specialist-den-bosch-centric-at-technicus-nl-2333283989?refId=efd2ffcd-a3db-4239-8cf2-31c7e74259d6&trackingId=gKCn18%2B8%2B2Z3qtZitW5iSQ%3D%3D&position=3&pageNum=0&trk=public_jobs_job-result-card_result-card_full-click,2 months ago,2 months ago,18/10/2020,06/12/2020
4,network specialist,LinkedIn,2276514606,Netwerkbeheerder | Hilversum | Jelling IT Professionals BV,Zxt6oxZtn0jP9q4MlwieMQ==,Technicusnl,"Hilversum, North Holland, Netherlands","['Information Technology and Services', 'Computer Software', 'Computer & Network Security']","Vacature van Jelling IT Professionals BV, locatie Hilversum, , Netwerkbeheerder  FUNCTIE, , In de functie van Netwerkbeheerder ga je aan de slag bij een hypermodern en tegelijkertijd zr mensgericht IT bedrijf, waar je binnen enkele jaren wordt opgeleid tot netwerkspecialist, door dagelijks met de nieuwste en meest geavanceerde network security software te werken Je leert ontwerpen, bouwen en beheren van de meest complexe ITnetwerkomgevingen, voor bedrijven die volledig leunen op de kwaliteit van het netwerk en toebehoren, , , , Vind jij het belangrijk naast het leveren van de hoogste kwaliteit k iets bij te dragen aan de maatschappij Dan zit je bij deze organisatie echt op je plek Het biedt de allerbeste maatwerk netwerkoplossingen voor bedrijven en instellingen die voor een overgroot deel volledig afhankelijk zijn van foutloos functioneren van netwerk en randapparatuur Denk hierbij aan zorg en overheidsinstellingen en grote, internationale ondernemingen op het gebied van industrie, logistiek en transport, , Deze werkgever investeert in de beste medewerkers, door het aanbieden van individuele opleidingstrajecten Werk jij het liefst met CISCO apparatuur en ben je reeds in het bezit van CCNA enof CCNP deelcertificaten Behaal hier je volledige CCNA n CCNP certificering, , , , , , , , , Het fundament voor het eigen Network Operations Center wordt gelegd door hoogopgeleide, gecertificeerde netwerkspecialisten Je wordt geacht op HBO niveau te kunnen werken en denken, het is namelijk een vrij pittige functie in een complexe ITnetwerkomgeving en infrastructuur, de kwaliteit moet ten allen tijde gewaarborgd blijven Dat biedt natuurlijk veel uitdaging, maar houd er rekening mee dat er behoorlijk wat van je wordt verwacht, , , , , , Kijk voor een compleet en actueel aanbod aan IT vacatures op of schrijf je DIRECT in, , Tags IT vacature, netwerk, CISCO, CCNA, CCNP, netwerkbeheerder, network security, Woerden, Utrecht, ZuidHolland, , Jelling IT Professionals streeft naar gelijke kansen op de arbeidsmarkt voor iedereen Wij selecteren niet op geslacht, leeftijd, afkomst, etc en nodigen daarom iedereen die zich herkent in bovenstaand profiel van harte uit om te solliciteren, , 5cd8a0b9cc68f9ffa4c9253553278a55",Internship,https://www.linkedin.com/jobs/view/externalApply/2276514606?url=https%3A%2F%2Fwww%2Etechnicus%2Enl%2Ftechnische-baan%2F90_304614_netwerkbeheerder-hilversum%2F%3Fsource%3D5cd8a0b9cc68f9ffa4c9253553278a55%26utm_source%3Dlinkedin%26utm_medium%3Dreferral%26utm_campaign%3Dlinkedin_referral_vertical_vac_feed%26utm_term%3Dict%2Bhilversum&urlHash=uvND&refId=efd2ffcd-a3db-4239-8cf2-31c7e74259d6&trackingId=Zxt6oxZtn0jP9q4MlwieMQ%3D%3D&trk=public_jobs_apply-link-offsite,https://nl.linkedin.com/jobs/view/netwerkbeheerder-hilversum-jelling-it-professionals-bv-at-technicus-nl-2276514606?refId=efd2ffcd-a3db-4239-8cf2-31c7e74259d6&trackingId=Zxt6oxZtn0jP9q4MlwieMQ%3D%3D&position=4&pageNum=0&trk=public_jobs_job-result-card_result-card_full-click,2 months ago,2 months ago,18/10/2020,06/12/2020
1,network specialist,LinkedIn,2326343297,Netwerk Engineer,cN5MpZfikQ0vnQLfpmYehg==,Conclusion,"Amsterdam, North Holland, Netherlands",None,"Werk Dat Ertoe Doet, Zoals Het, , Netwerk Engineer Tijd om je expertise ergens anders in te zetten, Netwerk Engineer Bij Conclusion Conclusion Mission Critical krijg je een baan met inhoud, , Onze Identiteit Conclusion Mission Critical ontwerpt, implementeert en beheert missiekritische applicaties, waar beschikbaarheid en veiligheid van levensbelang zijn Denk aan het operationele beheer van bedrijfsapplicaties of de beschikbaarheid van reisinformatie We werken met een unieke combinatie van Alabelproducten, open source nichespelers en zelfontwikkelde software Daarbij volgen we scherp de laatste ITtrends en maken voor onze klanten nauwkeurig de vertaalslag naar hun business In onze aanpak doet de mens niet onder voor de organisatie en de techniek Precies zo maken wij het verschil Conclusion is een organisatie met meer dan 25 verschillende bedrijven in 1 ecosysteem Met ruim 1750 collegas verbeteren we met technologische oplossingen, kritische bedrijfsprocessen van onze klanten We werken samen als het kan en hebben op het juiste moment, de juiste mensen aan tafel Experts in hun vakgebied, die elkaar aanvullen, scherp houden en uitdagingen vanuit verschillende perspectieven bekijken Daar zit onze kracht Lef en ondernemerschap helpen ons hierin Met af en toe het nodige vuurwerk onderling, bereiken we het beste resultaat Dat is onze aanpak Ook de jouwe Dan zit je als Netwerk Engineer goed bij Conclusion Mission Critical met als thuisbasis Amsterdam en Utrecht maar werk je ook vanuit onze klantlocaties in oa Aalsmeer en Rijnsburg Jou missen we nog Jij bent te herkennen aan je knowhow van het beheer en onderhoud van complexe netwerken Vinden mensen je een troubleshooter in hart en nieren Of juist een professional die in no time overzicht heeft Mag allebei, want verschil moet er zijn Voor deze functie ben je vooral dienstverlenend en heb je het vermogen snel te handelen als het erop aankomt Anderen zijn er al genoeg, dus blijf vooral lekker jezelf Dat is alles wat we vragen Alhoewel, als Netwerk Engineer heb je natuurlijk verstand van zaken, waaronder",Full-time,https://www.linkedin.com/jobs/view/externalApply/2326343297?url=https%3A%2F%2Fwww%2Evacatures%2Enl%2Fvacature%2Fnetwerk-engineer%3A44422616%2F&urlHash=26ym&refId=b8ccf476-a532-483a-b8e9-4ead2c84fa9b&trackingId=cN5MpZfikQ0vnQLfpmYehg%3D%3D&trk=public_jobs_apply-link-offsite,https://nl.linkedin.com/jobs/view/netwerk-engineer-at-conclusion-2326343297?refId=b8ccf476-a532-483a-b8e9-4ead2c84fa9b&trackingId=cN5MpZfikQ0vnQLfpmYehg%3D%3D&position=1&pageNum=0&trk=public_jobs_job-result-card_result-card_full-click,1 week ago,1 week ago,28/11/2020,07/12/2020
2,network specialist,LinkedIn,2230700950,Netwerk Specialist,fzNTtQXgCxe/Y8YxF1JRqA==,Centric,"Moordrecht, South Holland, Netherlands","['Information Technology and Services', 'Internet', 'Insurance']","Maak jij de connectie, , Voor de uitbreiding van ons onderdeel in Moordrecht  IJsselstein en de uitbreiding van kennis zijn wij op zoek naar echte diehard network specialist De wereld wordt steeds virtueler en zo ook de netwerken die ons verbinden Maar onder aan de streep moeten ook al die netwerken nog steeds verbonden worden, , Als netwerk specialist bij Centric help jij onze klanten en collegas met zowel de virtuele als de fysieke infrastructuren, , Je hebt kennis van software defined networks denk aan Cisco ACI, campus en enterprise netwerken, maar ook van cloud networking zoals Azure virtual networks Firewalls en loadbalancers zijn je ook niet geheel vreemd en met al je kennis ben je in staat om naast het beheren ook netwerken te ontwerpen en en te bouwen, , De merken waar je bij ons het meest mee werkt zijn Cisco en HP Daarnaast met de eerder genoemde virtual networks Soms doe je dit bij een klant op locatie, van huis uit en de volgende keer weer bij een ander onderdeel van Centric intern, , De kennis die jij meebrengt gebruik je niet alleen bij klanten van Centric maar je draagt deze kennis ook over aan je collegas die van jou willen leren Dit kan op de werkvloer zijn maar ook via een workshop Daarnaast zorgen wij er voor dat je altijd bijblijft binnen jouw vakgebied door je alle tools te bieden die je nodig hebt Zoals de filosoof Confusius ooit zei Wie oude kennis koestert en voortdurend nieuwe vergaart, mag een leraar van anderen zijn, , , , , , , , , , Bij Centric Infrastructure Professionals helpen wij klanten met hun vraagstukken of infrastructuur gebied Dat kan een korte systeembeheer opdracht zijn maar ook een langere design klus bij een Universiteit die een heel nieuw campus netwerk aan gaat leggen En de uitvoering van zon plan met is de kers op de taart natuurlijk, , Wij ondersteunen klanten met korte en langere projecten Dit doen we van het ontwerp tot en met de uitvoering en ondersteuning Jouw groei staat hierbij centraal en wordt gestimuleerd met alle mogelijke trainingen via Centric academy",Full-time,https://www.linkedin.com/jobs/view/externalApply/2230700950?url=https%3A%2F%2Fcareers%2Ecentric%2Eeu%2Fnl%2Fvacatures%2Fnetwerk-specialist-39861%2F%3Futm_source%3Dlinkedin%26utm_medium%3Djobboard%26utm_campaign%3Djobmarketing%26utm_content%3Djobslots&urlHash=e22a&refId=b8ccf476-a532-483a-b8e9-4ead2c84fa9b&trackingId=fzNTtQXgCxe%2FY8YxF1JRqA%3D%3D&trk=public_jobs_apply-link-offsite,https://nl.linkedin.com/jobs/view/netwerk-specialist-at-centric-2230700950?refId=b8ccf476-a532-483a-b8e9-4ead2c84fa9b&trackingId=fzNTtQXgCxe%2FY8YxF1JRqA%3D%3D&position=2&pageNum=0&trk=public_jobs_job-result-card_result-card_full-click,1 week ago,1 week ago,28/11/2020,07/12/2020
3,network specialist,LinkedIn,2230702656,Netwerk Specialist,tvNsd6zdrjGKT1C68rv7xw==,Centric,"sHertogenbosch, North Brabant, Netherlands","['Information Technology and Services', 'Internet', 'Insurance']","Word jij de linking pin, , Voor de uitbreiding van ons onderdeel in sHertogenbosch en de uitbreiding van kennis zijn wij op zoek naar echte diehard network specialist De wereld wordt steeds virtueler en zo ook de netwerken die ons verbinden Maar onder aan de streep moeten ook al die netwerken nog steeds verbonden worden, , Als netwerk specialist bij Centric help jij onze klanten en collegas met zowel de virtuele als de fysieke infrastructuren, , Je hebt kennis van software defined networks denk aan Cisco ACI, campus en enterprise netwerken, maar ook van cloud networking zoals Azure virtual networks Firewalls en loadbalancers zijn je ook niet geheel vreemd en met al je kennis ben je in staat om naast het beheren ook netwerken te ontwerpen en en te bouwen, , De merken waar je bij ons het meest mee werkt zijn Cisco en HP Daarnaast met de eerder genoemde virtual networks Soms doe je dit bij een klant op locatie, van huis uit en de volgende keer weer bij een ander onderdeel van Centric intern, , De kennis die jij meebrengt gebruik je niet alleen bij klanten van Centric maar je draagt deze kennis ook over aan je collegas die van jou willen leren Dit kan op de werkvloer zijn maar ook via een workshop Daarnaast zorgen wij er voor dat je altijd bijblijft binnen jouw vakgebied door je alle tools te bieden die je nodig hebt Zoals de filosoof Confusius ooit zei Wie oude kennis koestert en voortdurend nieuwe vergaart, mag een leraar van anderen zijn, , , , , , , , , , Bij Centric Infrastructure Professionals helpen wij klanten met hun vraagstukken of infrastructuur gebied Dat kan een korte systeembeheer opdracht zijn maar ook een langere design klus bij een Universiteit die een heel nieuw campus netwerk aan gaat leggen En de uitvoering van zon plan met is de kers op de taart natuurlijk, , Wij ondersteunen klanten met korte en langere projecten Dit doen we van het ontwerp tot en met de uitvoering en ondersteuning Jouw groei staat hierbij centraal en wordt gestimuleerd met alle mogelijke trainingen via Centric academy",Full-time,https://www.linkedin.com/jobs/view/externalApply/2230702656?url=https%3A%2F%2Fcareers%2Ecentric%2Eeu%2Fnl%2Fvacatures%2Fnetwerk-specialist-39841%2F%3Futm_source%3Dlinkedin%26utm_medium%3Djobboard%26utm_campaign%3Djobmarketing%26utm_content%3Djobslots&urlHash=YFOA&refId=b8ccf476-a532-483a-b8e9-4ead2c84fa9b&trackingId=tvNsd6zdrjGKT1C68rv7xw%3D%3D&trk=public_jobs_apply-link-offsite,https://nl.linkedin.com/jobs/view/netwerk-specialist-at-centric-2230702656?refId=b8ccf476-a532-483a-b8e9-4ead2c84fa9b&trackingId=tvNsd6zdrjGKT1C68rv7xw%3D%3D&position=3&pageNum=0&trk=public_jobs_job-result-card_result-card_full-click,1 week ago,1 week ago,28/11/2020,07/12/2020
4,network specialist,LinkedIn,2333802740,Network engineer | Amsterdam | StackOps,kC8AOiSnz6cbLHD2GGqfww==,Werkzoekennl,"Amsterdam, North Holland, Netherlands",['Mechanical or Industrial Engineering'],"Vacature van StackOps, locatie Amsterdam, , Wil jij deel uitmaken van een gedreven netwerk team die oplossingen bouwt voor interessante omgevingen, , , , Als Netwerk Engineer ga je samen met een team van ruim tien engineers de strijd aan om de beste managed cloud provider in Nederland te worden Je speelt een belangrijke rol in het ontwerpen, bouwen en onderhouden van high end netwerk solutions Zowel zelfstandig als met het team lever je end to end connectiviteit en beveiliging aan de netwerken van de diverse klanten Denk aan LAN, WAN en bijvoorbeeld WiFi Daarnaast ben je betrokken bij grote projecten waarbij je skills dagelijks op de proef worden gesteld, , , , Om te kunnen belanden in het team van network specialist zien we graag een aantal capaciteiten terug, , , , , , , , , Je gaat aan de slag bij een organisatie die hoogwaardige cloud en beheerdiensten levert Die doen zij voornamelijk voor nonprofitorganisaties Hierdoor kunnen zij doelen verwezenlijken De kwaliteit staat hier hoog in het vaandel en ze vinden een goede samenwerking met klanten erg belangrijk, , Binnen de organisatie word niemand gezien als nummertje Je bouwt met je team, maar ook de klanten een goede band op en dit word enorm gewaardeerd Ik de praktijk betekent dit voor jou korte lijnen, eerlijke antwoorden een lange termijn visie, , Heb je vragen over deze vacature Neem dan contact op met Reggy Bosch  tel 070  2 197 197  06  14 234 292 , , 5cd8a0b9cc68f9ffa4c9253553278a55",Full-time,https://www.linkedin.com/jobs/view/externalApply/2333802740?url=https%3A%2F%2Fwww%2Ewerkzoeken%2Enl%2F8952_stackops%2Fvacatures%2F5043613_network-engineer%2F%3Fsource%3D5cd8a0b9cc68f9ffa4c9253553278a55%26utm_source%3Dlinkedin%26utm_medium%3Dreferral%26utm_campaign%3Dlinkedin_referral_vertical_vac_feed%26utm_term%3Dengineer%252bcat_ict%2Bamsterda&urlHash=L2tj&refId=b8ccf476-a532-483a-b8e9-4ead2c84fa9b&trackingId=kC8AOiSnz6cbLHD2GGqfww%3D%3D&trk=public_jobs_apply-link-offsite,https://nl.linkedin.com/jobs/view/network-engineer-amsterdam-stackops-at-werkzoeken-nl-2333802740?refId=b8ccf476-a532-483a-b8e9-4ead2c84fa9b&trackingId=kC8AOiSnz6cbLHD2GGqfww%3D%3D&position=4&pageNum=0&trk=public_jobs_job-result-card_result-card_full-click,1 week ago,1 week ago,28/11/2020,07/12/2020
5,network specialist,LinkedIn,2286668523,Ervaren Netwerk Architect gezocht - Omgeving Amsterdam,KXeUC8VhIBVBRBpUaD6Z+g==,CareerValue BV,"Amsterdam, North Holland, Netherlands","['Information Technology and Services', 'Computer Software', 'Internet']","Voor een top organisatie gespecialiseerd in ITdienstverlening, voornamelijk middelgrote maar ook grote organisaties ben ik op zoek naar een Ervaren Netwerk Architect, , Het is een organisatie die zich niet blind staart op grote organisaties maar juist kiest voor een aanpak om ITdiensten en oplossingen op maat te bieden Hierdoor bedienen ze een brede markt en zijn ze de afgelopen jaren explosief gegroeid Kwaliteit boven kwantiteit, , Dit maakt je werk als Netwerk Architect zeer divers en dynamisch omdat je mag werken aan verschillende IT omgevingen van verschillend formaat Daarnaast komt je te werken binnen een leuk en gezellig team met een informele werksfeer, , Als Netwerk Architect ben je verantwoordelijk voor het ontwikkelen, beheer en continu verbeteren van de Netwerk infrastructuur van diverse klanten Daarnaast ben je bezig met het doorvoeren van changes en geef je ondersteuning en begeleiding aan collega network specialist In deze functie is het van belang dat je goed kan schakelen tussen verschillende stakeholders en ben je in staat om complexe incidenten op te lossen, , , , De arbeidsvoorwaarden zijn uitstekend Zo is er de mogelijkheid tot thuis werken en krijg je ontwikkeling en opleidingsmogelijkheden, , Ben je genteresseerd en sluit je goed aan bij deze functie, , Stuur dan je CV en motivatie naar Mauricio Akerina via",Full-time,https://www.linkedin.com/jobs/view/externalApply/2286668523?url=https%3A%2F%2Fwww%2Eadzuna%2Enl%2Fdetails%2F1557547960%3Fv%3DDE16308DDA12D673CD2C5CCE74808834207D4EE3%26utm_source%3Dlinkedin2%26utm_medium%3Dorganic%26chnlid%3D880&urlHash=2Hcc&refId=b8ccf476-a532-483a-b8e9-4ead2c84fa9b&trackingId=KXeUC8VhIBVBRBpUaD6Z%2Bg%3D%3D&trk=public_jobs_apply-link-offsite,https://nl.linkedin.com/jobs/view/ervaren-netwerk-architect-gezocht-omgeving-amsterdam-at-careervalue-b-v-2286668523?refId=b8ccf476-a532-483a-b8e9-4ead2c84fa9b&trackingId=KXeUC8VhIBVBRBpUaD6Z%2Bg%3D%3D&position=5&pageNum=0&trk=public_jobs_job-result-card_result-card_full-click,1 week ago,1 week ago,28/11/2020,07/12/2020
6,network specialist,LinkedIn,2331762352,Netwerk Specialist | Den Bosch | Centric,mk/UvvXTXvK+RCa2t0HrzQ==,ICTerGezochtnl,"sHertogenbosch, North Brabant, Netherlands","['Information Technology and Services', 'Computer Software', 'Computer & Network Security']","Vacature van Centric, locatie Den Bosch, , Voor de uitbreiding van ons onderdeel in sHertogenbosch en de uitbreiding van kennis zijn wij op zoek naar echte diehard network specialist De wereld wordt steeds virtueler en zo ook de netwerken die ons verbinden Maar onder aan de streep moeten ook al die netwerken nog steeds verbonden worden, , Als netwerk specialist bij Centric help jij onze klanten en collegas met zowel de virtuele als de fysieke infrastructuren, , Je hebt kennis van software defined networks denk aan Cisco ACI, campus en enterprise netwerken, maar ook van cloud networking zoals Azure virtual networks Firewalls en loadbalancers zijn je ook niet geheel vreemd en met al je kennis ben je in staat om naast het beheren ook netwerken te ontwerpen en en te bouwen, , De merken waar je bij ons het meest mee werkt zijn Cisco en HP Daarnaast met de eerder genoemde virtual networks Soms doe je dit bij een klant op locatie, van huis uit en de volgende keer weer bij een ander onderdeel van Centric intern, , De kennis die jij meebrengt gebruik je niet alleen bij klanten van Centric maar je draagt deze kennis ook over aan je collegas die van jou willen leren Dit kan op de werkvloer zijn maar ook via een workshop Daarnaast zorgen wij er voor dat je altijd bijblijft binnen jouw vakgebied door je alle tools te bieden die je nodig hebt Zoals de filosoof Confusius ooit zei Wie oude kennis koestert en voortdurend nieuwe vergaart, mag een leraar van anderen zijn, , , , , , 5cd8a0b9cc68f9ffa4c9253553278a55",Full-time,https://www.linkedin.com/jobs/view/externalApply/2331762352?url=https%3A%2F%2Fwww%2Eictergezocht%2Enl%2F8451_centric%2Fict-vacatures%2F71696_netwerk-specialist%2F%3Fsource%3D5cd8a0b9cc68f9ffa4c9253553278a55%26utm_source%3Dlinkedin%26utm_medium%3Dreferral%26utm_campaign%3Dlinkedin_referral_vertical_vac_feed%26utm_term%3Dsystemengineer%2Bden%2Bbosch&urlHash=BV2S&refId=b8ccf476-a532-483a-b8e9-4ead2c84fa9b&trackingId=mk%2FUvvXTXvK%2BRCa2t0HrzQ%3D%3D&trk=public_jobs_apply-link-offsite,https://nl.linkedin.com/jobs/view/netwerk-specialist-den-bosch-centric-at-ictergezocht-nl-2331762352?refId=b8ccf476-a532-483a-b8e9-4ead2c84fa9b&trackingId=mk%2FUvvXTXvK%2BRCa2t0HrzQ%3D%3D&position=6&pageNum=0&trk=public_jobs_job-result-card_result-card_full-click,1 week ago,1 week ago,28/11/2020,07/12/2020
7,network specialist,LinkedIn,2330464607,Netwerk Specialist | Den Bosch | Centric,ihKIMg6cUKtmoQKpkzbtEA==,Werkzoekennl,"sHertogenbosch, North Brabant, Netherlands","['Information Technology and Services', 'Computer Software', 'Computer & Network Security']","Vacature van Centric, locatie Den Bosch, , Voor de uitbreiding van ons onderdeel in sHertogenbosch en de uitbreiding van kennis zijn wij op zoek naar echte diehard network specialist De wereld wordt steeds virtueler en zo ook de netwerken die ons verbinden Maar onder aan de streep moeten ook al die netwerken nog steeds verbonden worden, , Als netwerk specialist bij Centric help jij onze klanten en collegas met zowel de virtuele als de fysieke infrastructuren, , Je hebt kennis van software defined networks denk aan Cisco ACI, campus en enterprise netwerken, maar ook van cloud networking zoals Azure virtual networks Firewalls en loadbalancers zijn je ook niet geheel vreemd en met al je kennis ben je in staat om naast het beheren ook netwerken te ontwerpen en en te bouwen, , De merken waar je bij ons het meest mee werkt zijn Cisco en HP Daarnaast met de eerder genoemde virtual networks Soms doe je dit bij een klant op locatie, van huis uit en de volgende keer weer bij een ander onderdeel van Centric intern, , De kennis die jij meebrengt gebruik je niet alleen bij klanten van Centric maar je draagt deze kennis ook over aan je collegas die van jou willen leren Dit kan op de werkvloer zijn maar ook via een workshop Daarnaast zorgen wij er voor dat je altijd bijblijft binnen jouw vakgebied door je alle tools te bieden die je nodig hebt Zoals de filosoof Confusius ooit zei Wie oude kennis koestert en voortdurend nieuwe vergaart, mag een leraar van anderen zijn, , , , , , 5cd8a0b9cc68f9ffa4c9253553278a55",Full-time,https://www.linkedin.com/jobs/view/externalApply/2330464607?url=https%3A%2F%2Fwww%2Ewerkzoeken%2Enl%2F10340_ictergezochtnl%2Fvacatures%2F5033659_netwerk-specialist-den-bosch%2F%3Fsource%3D5cd8a0b9cc68f9ffa4c9253553278a55%26utm_source%3Dlinkedin%26utm_medium%3Dreferral%26utm_campaign%3Dlinkedin_referral_vertical_vac_feed%26utm_term%3Dict%2Bden%2Bbosch&urlHash=q0Sr&refId=b8ccf476-a532-483a-b8e9-4ead2c84fa9b&trackingId=ihKIMg6cUKtmoQKpkzbtEA%3D%3D&trk=public_jobs_apply-link-offsite,https://nl.linkedin.com/jobs/view/netwerk-specialist-den-bosch-centric-at-werkzoeken-nl-2330464607?refId=b8ccf476-a532-483a-b8e9-4ead2c84fa9b&trackingId=ihKIMg6cUKtmoQKpkzbtEA%3D%3D&position=7&pageNum=0&trk=public_jobs_job-result-card_result-card_full-click,1 week ago,1 week ago,28/11/2020,07/12/2020
8,network specialist,LinkedIn,2267946098,Netwerkbeheerder | Hilversum | Jelling IT Professionals BV,AlKLPtohLn42j9A+VFQXrQ==,ICTerGezochtnl,"Hilversum, North Holland, Netherlands","['Information Technology and Services', 'Computer Software', 'Computer & Network Security']","Vacature van Jelling IT Professionals BV, locatie Hilversum, , Netwerkbeheerder  FUNCTIE, , In de functie van Netwerkbeheerder ga je aan de slag bij een hypermodern en tegelijkertijd zr mensgericht IT bedrijf, waar je binnen enkele jaren wordt opgeleid tot netwerkspecialist, door dagelijks met de nieuwste en meest geavanceerde network security software te werken Je leert ontwerpen, bouwen en beheren van de meest complexe ITnetwerkomgevingen, voor bedrijven die volledig leunen op de kwaliteit van het netwerk en toebehoren, , , , Vind jij het belangrijk naast het leveren van de hoogste kwaliteit k iets bij te dragen aan de maatschappij Dan zit je bij deze organisatie echt op je plek Het biedt de allerbeste maatwerk netwerkoplossingen voor bedrijven en instellingen die voor een overgroot deel volledig afhankelijk zijn van foutloos functioneren van netwerk en randapparatuur Denk hierbij aan zorg en overheidsinstellingen en grote, internationale ondernemingen op het gebied van industrie, logistiek en transport, , Deze werkgever investeert in de beste medewerkers, door het aanbieden van individuele opleidingstrajecten Werk jij het liefst met CISCO apparatuur en ben je reeds in het bezit van CCNA enof CCNP deelcertificaten Behaal hier je volledige CCNA n CCNP certificering, , , , , , , , , Het fundament voor het eigen Network Operations Center wordt gelegd door hoogopgeleide, gecertificeerde netwerkspecialisten Je wordt geacht op HBO niveau te kunnen werken en denken, het is namelijk een vrij pittige functie in een complexe ITnetwerkomgeving en infrastructuur, de kwaliteit moet ten allen tijde gewaarborgd blijven Dat biedt natuurlijk veel uitdaging, maar houd er rekening mee dat er behoorlijk wat van je wordt verwacht, , , , , , Kijk voor een compleet en actueel aanbod aan IT vacatures op of schrijf je DIRECT in, , Tags IT vacature, netwerk, CISCO, CCNA, CCNP, netwerkbeheerder, network security, Woerden, Utrecht, ZuidHolland, , Jelling IT Professionals streeft naar gelijke kansen op de arbeidsmarkt voor iedereen Wij selecteren niet op geslacht, leeftijd, afkomst, etc en nodigen daarom iedereen die zich herkent in bovenstaand profiel van harte uit om te solliciteren, , 5cd8a0b9cc68f9ffa4c9253553278a55",Internship,https://www.linkedin.com/jobs/view/externalApply/2267946098?url=https%3A%2F%2Fwww%2Eictergezocht%2Enl%2F9424_jelling-it-professionals-bv%2Fict-vacatures%2F67280_netwerkbeheerder%2F%3Fsource%3D5cd8a0b9cc68f9ffa4c9253553278a55%26utm_source%3Dlinkedin%26utm_medium%3Dreferral%26utm_campaign%3Dlinkedin_referral_vertical_vac_feed%26utm_term%3Dbeheerder%2Bhilversum&urlHash=wfgL&refId=b8ccf476-a532-483a-b8e9-4ead2c84fa9b&trackingId=AlKLPtohLn42j9A%2BVFQXrQ%3D%3D&trk=public_jobs_apply-link-offsite,https://nl.linkedin.com/jobs/view/netwerkbeheerder-hilversum-jelling-it-professionals-bv-at-ictergezocht-nl-2267946098?refId=b8ccf476-a532-483a-b8e9-4ead2c84fa9b&trackingId=AlKLPtohLn42j9A%2BVFQXrQ%3D%3D&position=8&pageNum=0&trk=public_jobs_job-result-card_result-card_full-click,1 week ago,1 week ago,28/11/2020,07/12/2020
9,network specialist,LinkedIn,2333282760,Network engineer | Amsterdam | StackOps,xbTMx5Cb7wp1uQGWeUle3A==,ICTerGezochtnl,"Amsterdam, North Holland, Netherlands","['Information Technology and Services', 'Computer Software', 'Computer & Network Security']","Vacature van StackOps, locatie Amsterdam, , Wil jij deel uitmaken van een gedreven netwerk team die oplossingen bouwt voor interessante omgevingen, , , , Als Netwerk Engineer ga je samen met een team van ruim tien engineers de strijd aan om de beste managed cloud provider in Nederland te worden Je speelt een belangrijke rol in het ontwerpen, bouwen en onderhouden van high end netwerk solutions Zowel zelfstandig als met het team lever je end to end connectiviteit en beveiliging aan de netwerken van de diverse klanten Denk aan LAN, WAN en bijvoorbeeld WiFi Daarnaast ben je betrokken bij grote projecten waarbij je skills dagelijks op de proef worden gesteld, , , , Om te kunnen belanden in het team van network specialist zien we graag een aantal capaciteiten terug, , , , , , , , , Je gaat aan de slag bij een organisatie die hoogwaardige cloud en beheerdiensten levert Die doen zij voornamelijk voor nonprofitorganisaties Hierdoor kunnen zij doelen verwezenlijken De kwaliteit staat hier hoog in het vaandel en ze vinden een goede samenwerking met klanten erg belangrijk, , Binnen de organisatie word niemand gezien als nummertje Je bouwt met je team, maar ook de klanten een goede band op en dit word enorm gewaardeerd Ik de praktijk betekent dit voor jou korte lijnen, eerlijke antwoorden een lange termijn visie, , Heb je vragen over deze vacature Neem dan contact op met Reggy Bosch  tel 070  2 197 197  06  14 234 292 , , 5cd8a0b9cc68f9ffa4c9253553278a55",Full-time,https://www.linkedin.com/jobs/view/externalApply/2333282760?url=https%3A%2F%2Fwww%2Eictergezocht%2Enl%2F8114_stackops%2Fict-vacatures%2F72148_network-engineer%2F%3Fsource%3D5cd8a0b9cc68f9ffa4c9253553278a55%26utm_source%3Dlinkedin%26utm_medium%3Dreferral%26utm_campaign%3Dlinkedin_referral_vertical_vac_feed%26utm_term%3Dsystemengineer%2Bamsterdam&urlHash=zvnO&refId=b8ccf476-a532-483a-b8e9-4ead2c84fa9b&trackingId=xbTMx5Cb7wp1uQGWeUle3A%3D%3D&trk=public_jobs_apply-link-offsite,https://nl.linkedin.com/jobs/view/network-engineer-amsterdam-stackops-at-ictergezocht-nl-2333282760?refId=b8ccf476-a532-483a-b8e9-4ead2c84fa9b&trackingId=xbTMx5Cb7wp1uQGWeUle3A%3D%3D&position=9&pageNum=0&trk=public_jobs_job-result-card_result-card_full-click,1 week ago,1 week ago,28/11/2020,07/12/2020
11,network specialist,LinkedIn,2333625908,Network engineer,+1vEoeDtAlU0OJouV3jYUg==,StackOps,"Amsterdam, North Holland, Netherlands","['Computer Software', 'Internet', 'Computer & Network Security']","Wil jij deel uitmaken van een gedreven netwerk team die oplossingen bouwt voor interessante omgevingen, , Wat ga je doen, , Als Netwerk Engineer ga je samen met een team van ruim tien engineers de strijd aan om de beste managed cloud provider in Nederland te worden Je speelt een belangrijke rol in het ontwerpen, bouwen en onderhouden van high end netwerk solutions Zowel zelfstandig als met het team lever je end to end connectiviteit en beveiliging aan de netwerken van de diverse klanten Denk aan LAN, WAN en bijvoorbeeld WiFi Daarnaast ben je betrokken bij grote projecten waarbij je skills dagelijks op de proef worden gesteld, , Wie ben je, , Om te kunnen belanden in het team van network specialist zien we graag een aantal capaciteiten terug",Full-time,https://www.linkedin.com/jobs/view/externalApply/2333625908?url=https%3A%2F%2Fneuvoo%2Enl%2Fjob%2Ephp%3Fid%3Daf13e4174a97%26source%3Dlinkedin%26utm_source%3Dpartner%26utm_medium%3Dlinkedin%26puid%3Dfadfcadaaddfaddd9adbeddc9ddfgdd9addcfadf3de7cdc9fec3ddcg3e&urlHash=HvcU&refId=b8ccf476-a532-483a-b8e9-4ead2c84fa9b&trackingId=%2B1vEoeDtAlU0OJouV3jYUg%3D%3D&trk=public_jobs_apply-link-offsite,https://nl.linkedin.com/jobs/view/network-engineer-at-stackops-2333625908?refId=b8ccf476-a532-483a-b8e9-4ead2c84fa9b&trackingId=%2B1vEoeDtAlU0OJouV3jYUg%3D%3D&position=11&pageNum=0&trk=public_jobs_job-result-card_result-card_full-click,1 week ago,1 week ago,28/11/2020,07/12/2020
13,network specialist,LinkedIn,2290135790,Netwerk Security Engineer,BGabmgxZZQmlpsrpQLuEpw==,SPS,"Reeuwijk, South Holland, Netherlands",None,"Wat heb je, HBO ICT opleidingdenkniveau, Ervaring Technisch Ervaring met Cisco en Juniper producten, gevorderde kennis van Windows enof Linux, Certificering CCNA",Full-time,https://www.linkedin.com/jobs/view/externalApply/2290135790?url=https%3A%2F%2Fwww%2Evacatures%2Enl%2Fvacature%2Fnetwerk-security-engineer%3A42794746%2F&urlHash=sMDm&refId=b8ccf476-a532-483a-b8e9-4ead2c84fa9b&trackingId=BGabmgxZZQmlpsrpQLuEpw%3D%3D&trk=public_jobs_apply-link-offsite,https://nl.linkedin.com/jobs/view/netwerk-security-engineer-at-sps-2290135790?refId=b8ccf476-a532-483a-b8e9-4ead2c84fa9b&trackingId=BGabmgxZZQmlpsrpQLuEpw%3D%3D&position=13&pageNum=0&trk=public_jobs_job-result-card_result-card_full-click,1 week ago,1 week ago,28/11/2020,07/12/2020
14,network specialist,LinkedIn,2316913352,Ervaren Netwerk Architect gezocht â€“ Omgeving Amsterdam - CareerValue B.V.,Ug+9xAhyLtg8vuEIUX1a2g==,CareerValue BV,"Amsterdam, North Holland, Netherlands","['Information Technology and Services', 'Computer Software', 'Staffing and Recruiting']","De Functie, , , , Als Netwerk Architect ben je verantwoordelijk voor het ontwikkelen, beheer en continu verbeteren van de Netwerk infrastructuur van diverse klanten Daarnaast ben je bezig met het doorvoeren van changes en geef je ondersteuning en begeleiding aan collega network specialist In deze functie is het van belang dat je goed kan schakelen tussen verschillende stakeholders en ben je in staat om complexe incidenten op te lossen, , , ,  Je hebt minimaal een afgeronde HBOWO opleiding,  Je hebt minimaal 5 jaar ervaring in een soortgelijke functie binnen grote Net,  Je hebt kennis en ervaring met Netwerkbeheer en architectuur,  Je hebt kennis en ervaring met Switches, Routers en Firewalls,  Je hebt kennis en ervaring met DNS en DHCP,  Je hebt relevante certificaten behaald zoals CCNA en CCNP,  Kennis en ervaring met Security is een pr, , , , De arbeidsvoorwaarden zijn uitstekend Zo is er de mogelijkheid tot thuis werken en krijg je ontwikkeling en opleidingsmogelijkheden, , Ben je genteresseerd en sluit je goed aan bij deze functie, , Stuur dan je CV en motivatie naar Mauricio Akerina via, , , , , , , , Leaseauto, regelmatig werkzaamheden verrichten op klantlocatie, klanten bezoeken, auto van de zaak, consultancy, , , , Netwerk Engineer, , , , Netwerkbeheerder, Netwerkengineer, Infrastructuur, TCPIP, Infrastructuur, CISSP, CISA, Firewall, Switch, CCNA, CCNP",Full-time,https://www.linkedin.com/jobs/view/externalApply/2316913352?url=https%3A%2F%2Fneuvoo%2Enl%2Fjob%2Ephp%3Fid%3D5735e0e78c4d%26source%3Dlinkedin%26utm_source%3Dpartner%26utm_medium%3Dlinkedin%26puid%3Dfddbcdd9adddaddb9adbeddg9adbgdd9add8fadd3deccaccfec3ddcg3e&urlHash=E9ha&refId=b8ccf476-a532-483a-b8e9-4ead2c84fa9b&trackingId=Ug%2B9xAhyLtg8vuEIUX1a2g%3D%3D&trk=public_jobs_apply-link-offsite,https://nl.linkedin.com/jobs/view/ervaren-netwerk-architect-gezocht-%E2%80%93-omgeving-amsterdam-careervalue-b-v-at-careervalue-b-v-2316913352?refId=b8ccf476-a532-483a-b8e9-4ead2c84fa9b&trackingId=Ug%2B9xAhyLtg8vuEIUX1a2g%3D%3D&position=14&pageNum=0&trk=public_jobs_job-result-card_result-card_full-click,1 week ago,1 week ago,28/11/2020,07/12/2020
16,network specialist,LinkedIn,2290139049,IT Trainee (network engineer),QjN8ODsak6vkym/mIXby7g==,SPS,"Reeuwijk, South Holland, Netherlands",None,"Wat heb je, Opleiding bijna een afgeronde HBO ICT opleiding met specialisatie Networking, Ervaring Technisch Windows Server en basis kennis van netwerk infrastructuren",Full-time,https://www.linkedin.com/jobs/view/externalApply/2290139049?url=https%3A%2F%2Fwww%2Evacatures%2Enl%2Fvacature%2Fit-trainee-network-engineer%3A42794749%2F&urlHash=nwwK&refId=b8ccf476-a532-483a-b8e9-4ead2c84fa9b&trackingId=QjN8ODsak6vkym%2FmIXby7g%3D%3D&trk=public_jobs_apply-link-offsite,https://nl.linkedin.com/jobs/view/it-trainee-network-engineer-at-sps-2290139049?refId=b8ccf476-a532-483a-b8e9-4ead2c84fa9b&trackingId=QjN8ODsak6vkym%2FmIXby7g%3D%3D&position=16&pageNum=0&trk=public_jobs_job-result-card_result-card_full-click,1 week ago,1 week ago,28/11/2020,07/12/2020
17,network specialist,LinkedIn,2334407969,DevOps Engineer Team Bedrijfsvoering,OunvY2OIfjNOaHD70IRzUg==,Yacht Nederland BV,"Utrecht, Utrecht, Netherlands","['Computer Software', 'Research', 'Staffing and Recruiting']","Binnen deze onderwijsinstelling is het vanzelfsprekend dat ook jouw ontwikkeling de nodige aandacht krijgt Uiteraard zijn wij op zoek naar het perfecte plaatje Voldoe je niet 100 aan bovenenoemd wensenlijstje maar ga jij vol enthousiasme graag de uitdaging aan, reageer dan vooral ook op deze superleuke rol We helpen je graag om de ontbrekende kennis bij te spijkeren of verder te ontwikkelen Als Devops Engineer ben je verantwoordelijk voor het mede realiseren en beheren van de digitale diensten Denk bijvoorbeeld aan een webportal voor studenten die zich willen inschrijven voor een tentamen of een verzoek willen aanvragen voor langere tentamentijd Maar het kan ook gaan om een digitale dienst voor docenten om onderwijsmaterialen te bestellen of mass mailings te versturen naar studenten Veel van deze digitale diensten bestaan uit verschillende applicaties, die via middleware zijn gentegreerd Het beheren van deze ketens van systemen is een belangrijke taak voor jou Het houdt in dat je met jouw technische know how, het functioneren van een keten kan overzien en begrijpt hoe iedere applicatie daarin functioneert Je werk zal bestaan aan het bijdragen van de realisatie van nieuwe digitale diensten en het beheer daarvan Hiervoor kunnen cloud applicaties worden aangeschaft of zelf worden ontwikkeld Jouw focus ligt op de technische kant van de implementatie en het beheer Daarnaast zal een belangrijk deel van jouw werkzaamheden gericht zijn op het beheer van reeds bestaande digitale diensten en onderliggende applicaties Dit betekent dat je actief bezig zult zijn met het onderzoeken en oplossen van incidenten en verstoringen Verder wordt verwacht dat je kan bijdragen om de ketens en applicaties robuuster te maken, zodat incidenten en verstoringen worden voorkomen Voor jouw werkzaamheden is afstemming met de collegas bij de business van groot belang Dit kunnen zijn product owners, projectleiders, functioneel beheerders en gebruikersgroepen Uiteraard is het ook belangrijk dat je goed kan schakelen met technische betrokkenen zoals network specialist, database specialisten, ontwikkelaars, integratie en middleware specialisten en externe leveranciers van applicaties je beschikt over een bedrijfskundige ICTbachelordiploma of een vergelijkbare opleiding je hebt ervaring met implementeren en beheren van applicaties het is een pr als je kennis en ervaring hebt met n of meerdere van de volgende applicaties Raet, Youforce, Unit4 Business World, Osiris, TOPdesk, Azure DevOps en ontwikkelplatformen zoals Mendix en MS Sharepoint je hebt ervaring met agile methodes, bijvoorbeeld scrum of kanban het is een pr als je kennis en er",Full-time,https://www.linkedin.com/jobs/view/externalApply/2334407969?url=https%3A%2F%2Fneuvoo%2Enl%2Fjob%2Ephp%3Fid%3Dbc5fb337cf66%26source%3Dlinkedin%26utm_source%3Dpartner%26utm_medium%3Dlinkedin%26puid%3Dfadecaddaddbaada9adeeddd9dddgdd9aaddfada3deacdcafec3ddcg3e&urlHash=8VbW&refId=b8ccf476-a532-483a-b8e9-4ead2c84fa9b&trackingId=OunvY2OIfjNOaHD70IRzUg%3D%3D&trk=public_jobs_apply-link-offsite,https://nl.linkedin.com/jobs/view/devops-engineer-team-bedrijfsvoering-at-yacht-nederland-bv-2334407969?refId=b8ccf476-a532-483a-b8e9-4ead2c84fa9b&trackingId=OunvY2OIfjNOaHD70IRzUg%3D%3D&position=17&pageNum=0&trk=public_jobs_job-result-card_result-card_full-click,1 week ago,1 week ago,28/11/2020,07/12/2020
1,network specialist,LinkedIn,2285843175,network specialist GEZOCHT!,q5pNI4L1gRbHjzsvXW+6vg==,Ittechminds,"Hook of Holland, South Holland, Netherlands","['Information Technology and Services', 'Computer & Network Security', 'Financial Services']","Deze vacature  opdracht staat doorlopend open, , network specialist GEZOCHT, , Voor onze opdrachtgever, een gespecialiseerde organisatie op het gebied van Netwerk  Infrastructuur  Connectivity, gevestigd in de regio Amsterdam, zoeken wij een aantal enthousiaste Specialisten vanaf 3e lijn, voor in vaste dienst, op het gebied van Infra architectuur, design en beheer, , Binnen het bedrijf heerst een informele sfeer, een grote mate van collegialiteit, en de drive  om beter  de beste  te worden, Het bedrijf maakt een zeer sterke groei door, mede hierdoor zijn er momenteel vacatures binnen de onderstaande werkgebieden",Full-time,https://www.linkedin.com/jobs/view/externalApply/2285843175?url=https%3A%2F%2Fnl%2Ejooble%2Eorg%2Fexternal%2F5367703388308774818%3Futm_campaign%3DNL%26utm_medium%3Dsocial%26utm_source%3Dlinkedin%26JobSource%3DBoard&urlHash=zAfq&refId=9b876794-b59d-4860-902f-b824182dc1d7&trackingId=q5pNI4L1gRbHjzsvXW%2B6vg%3D%3D&trk=public_jobs_apply-link-offsite,https://nl.linkedin.com/jobs/view/netwerk-specialisten-gezocht%21-at-it-techminds-2285843175?refId=9b876794-b59d-4860-902f-b824182dc1d7&trackingId=q5pNI4L1gRbHjzsvXW%2B6vg%3D%3D&position=1&pageNum=0&trk=public_jobs_job-result-card_result-card_full-click,1 month ago,1 month ago,07/11/2020,07/12/2020
3,network specialist,LinkedIn,2330271384,network specialist,HvyY03GoBZ4VkiuBaUUEYA==,Ittechminds,"Den Haag, South Holland, Netherlands","['Information Technology and Services', 'Computer & Network Security', 'Financial Services']","Voor onze eindklant, gevestigd in Den Haag, wij op zoek naar een bekwame, , Functie network specialist, Startdatum zsm, Duur maanden, Verlenging Optioneel, Uren 36 uur per week, Tarief  72,50, Aanbieden tot 03122020, 0900 uur, , , , DICTU is op zoek naar twee senior netwerkspecialisten, Als specialist werk je mee met het dagelijks beheer op een bestaande omgeving Daarnaast bouw je mee aan een nieuwe Cloud infrastructuur die halverwege 2020 in beheer genomen wordt Na de inbeheername draai je mee in het beheer en doorontwikkeling van die nieuw infra De nieuw omgeving is volledig geautomatiseerd en gevirtualiseerd Kennis en ervaring daarmee is dus een vereiste, DICTU is oa leverancier van infrastructurele beheer en nieuwbouw dienstverlening Voor het rekencentrum gelden zeer hoge eisen mbt beschikbaarheid en veiligheid De beveiligingseisen die van toepassing zijn gaan uit boven departementaal vertrouwelijk, , Een screening AIVDB screening kan op een later moment van toepassing worden",Full-time,https://www.linkedin.com/jobs/view/externalApply/2330271384?url=https%3A%2F%2Fnl%2Ejooble%2Eorg%2Fexternal%2F5208763806051859750%3Futm_campaign%3DNL%26utm_medium%3Dsocial%26utm_source%3Dlinkedin%26JobSource%3DBoard&urlHash=nA1_&refId=9b876794-b59d-4860-902f-b824182dc1d7&trackingId=HvyY03GoBZ4VkiuBaUUEYA%3D%3D&trk=public_jobs_apply-link-offsite,https://nl.linkedin.com/jobs/view/netwerk-specialisten-at-it-techminds-2330271384?refId=9b876794-b59d-4860-902f-b824182dc1d7&trackingId=HvyY03GoBZ4VkiuBaUUEYA%3D%3D&position=3&pageNum=0&trk=public_jobs_job-result-card_result-card_full-click,1 month ago,1 month ago,07/11/2020,07/12/2020
6,network specialist,LinkedIn,2285841691,network specialist GEZOCHT!,9WQuXoOfvzVxKjYAwHGw0Q==,Ittechminds,"South Holland, Netherlands","['Information Technology and Services', 'Computer & Network Security', 'Financial Services']","Deze vacature  opdracht staat doorlopend open, , network specialist GEZOCHT, , Voor onze opdrachtgever, een gespecialiseerde organisatie op het gebied van Netwerk  Infrastructuur  Connectivity, gevestigd in de regio Amsterdam, zoeken wij een aantal enthousiaste Specialisten vanaf 3e lijn, voor in vaste dienst, op het gebied van Infra architectuur, design en beheer, , Binnen het bedrijf heerst een informele sfeer, een grote mate van collegialiteit, en de drive  om beter  de beste  te worden, Het bedrijf maakt een zeer sterke groei door, mede hierdoor zijn er momenteel vacatures binnen de onderstaande werkgebieden",Full-time,https://www.linkedin.com/jobs/view/externalApply/2285841691?url=https%3A%2F%2Fnl%2Ejooble%2Eorg%2Fexternal%2F2883870334650975111%3Futm_campaign%3DNL%26utm_medium%3Dsocial%26utm_source%3Dlinkedin%26JobSource%3DBoard&urlHash=jch3&refId=9b876794-b59d-4860-902f-b824182dc1d7&trackingId=9WQuXoOfvzVxKjYAwHGw0Q%3D%3D&trk=public_jobs_apply-link-offsite,https://nl.linkedin.com/jobs/view/netwerk-specialisten-gezocht%21-at-it-techminds-2285841691?refId=9b876794-b59d-4860-902f-b824182dc1d7&trackingId=9WQuXoOfvzVxKjYAwHGw0Q%3D%3D&position=6&pageNum=0&trk=public_jobs_job-result-card_result-card_full-click,1 month ago,1 month ago,07/11/2020,07/12/2020
8,network specialist,LinkedIn,2337692209,Netwerkbeheerder | Hilversum | Jelling IT Professionals BV,YCJHLim5YYKar6q4chd/ew==,Technicusnl,None,"['Information Technology and Services', 'Computer Software', 'Computer & Network Security']","Vacature van Jelling IT Professionals BV, locatie Hilversum, , Netwerkbeheerder  FUNCTIE, , In de functie van Netwerkbeheerder ga je aan de slag bij een hypermodern en tegelijkertijd zr mensgericht IT bedrijf, waar je binnen enkele jaren wordt opgeleid tot netwerkspecialist, door dagelijks met de nieuwste en meest geavanceerde network security software te werken Je leert ontwerpen, bouwen en beheren van de meest complexe ITnetwerkomgevingen, voor bedrijven die volledig leunen op de kwaliteit van het netwerk en toebehoren, , , , Vind jij het belangrijk naast het leveren van de hoogste kwaliteit k iets bij te dragen aan de maatschappij Dan zit je bij deze organisatie echt op je plek Het biedt de allerbeste maatwerk netwerkoplossingen voor bedrijven en instellingen die voor een overgroot deel volledig afhankelijk zijn van foutloos functioneren van netwerk en randapparatuur Denk hierbij aan zorg en overheidsinstellingen en grote, internationale ondernemingen op het gebied van industrie, logistiek en transport, , Deze werkgever investeert in de beste medewerkers, door het aanbieden van individuele opleidingstrajecten Werk jij het liefst met CISCO apparatuur en ben je reeds in het bezit van CCNA enof CCNP deelcertificaten Behaal hier je volledige CCNA n CCNP certificering, , , , , , , , , Het fundament voor het eigen Network Operations Center wordt gelegd door hoogopgeleide, gecertificeerde netwerkspecialisten Je wordt geacht op HBO niveau te kunnen werken en denken, het is namelijk een vrij pittige functie in een complexe ITnetwerkomgeving en infrastructuur, de kwaliteit moet ten allen tijde gewaarborgd blijven Dat biedt natuurlijk veel uitdaging, maar houd er rekening mee dat er behoorlijk wat van je wordt verwacht, , , , , , Kijk voor een compleet en actueel aanbod aan IT vacatures op of schrijf je DIRECT in, , Tags IT vacature, netwerk, CISCO, CCNA, CCNP, netwerkbeheerder, network security, Woerden, Utrecht, ZuidHolland, , Jelling IT Professionals streeft naar gelijke kansen op de arbeidsmarkt voor iedereen Wij selecteren niet op geslacht, leeftijd, afkomst, etc en nodigen daarom iedereen die zich herkent in bovenstaand profiel van harte uit om te solliciteren, , 5cd8a0b9cc68f9ffa4c9253553278a55",Internship,https://www.linkedin.com/jobs/view/externalApply/2337692209?url=https%3A%2F%2Fwww%2Etechnicus%2Enl%2Ftechnische-baan%2F90_304614_netwerkbeheerder-hilversum%2F%3Fsource%3D5cd8a0b9cc68f9ffa4c9253553278a55%26utm_source%3Dlinkedin%26utm_medium%3Dreferral%26utm_campaign%3Dlinkedin_referral_vertical_vac_feed%26utm_term%3Dict%2Bhilversum&urlHash=uvND&refId=7a09531b-45e2-443f-8041-335c63332bbd&trackingId=YCJHLim5YYKar6q4chd%2Few%3D%3D&trk=public_jobs_apply-link-offsite,https://nl.linkedin.com/jobs/view/netwerkbeheerder-hilversum-jelling-it-professionals-bv-at-technicus-nl-2337692209?refId=7a09531b-45e2-443f-8041-335c63332bbd&trackingId=YCJHLim5YYKar6q4chd%2Few%3D%3D&position=8&pageNum=0&trk=public_jobs_job-result-card_result-card_full-click,2 weeks ago,2 weeks ago,22/11/2020,08/12/2020
10,network specialist,LinkedIn,2335775349,Network engineer | Amsterdam | StackOps,ZpG4QdunOoAU+eS0B1CBUw==,Technicusnl,"Amsterdam, North Holland, Netherlands","['Information Technology and Services', 'Computer Software', 'Computer & Network Security']","Vacature van StackOps, locatie Amsterdam, , Wil jij deel uitmaken van een gedreven netwerk team die oplossingen bouwt voor interessante omgevingen, , , , Als Netwerk Engineer ga je samen met een team van ruim tien engineers de strijd aan om de beste managed cloud provider in Nederland te worden Je speelt een belangrijke rol in het ontwerpen, bouwen en onderhouden van high end netwerk solutions Zowel zelfstandig als met het team lever je end to end connectiviteit en beveiliging aan de netwerken van de diverse klanten Denk aan LAN, WAN en bijvoorbeeld WiFi Daarnaast ben je betrokken bij grote projecten waarbij je skills dagelijks op de proef worden gesteld, , , , Om te kunnen belanden in het team van network specialist zien we graag een aantal capaciteiten terug, , , , , , , , , Je gaat aan de slag bij een organisatie die hoogwaardige cloud en beheerdiensten levert Die doen zij voornamelijk voor nonprofitorganisaties Hierdoor kunnen zij doelen verwezenlijken De kwaliteit staat hier hoog in het vaandel en ze vinden een goede samenwerking met klanten erg belangrijk, , Binnen de organisatie word niemand gezien als nummertje Je bouwt met je team, maar ook de klanten een goede band op en dit word enorm gewaardeerd Ik de praktijk betekent dit voor jou korte lijnen, eerlijke antwoorden een lange termijn visie, , Heb je vragen over deze vacature Neem dan contact op met Reggy Bosch  tel 070  2 197 197  06  14 234 292 , , 5cd8a0b9cc68f9ffa4c9253553278a55",Full-time,https://www.linkedin.com/jobs/view/externalApply/2335775349?url=https%3A%2F%2Fwww%2Etechnicus%2Enl%2Ftechnische-baan%2F90_330205_network-engineer-amsterdam%2F%3Fsource%3D5cd8a0b9cc68f9ffa4c9253553278a55%26utm_source%3Dlinkedin%26utm_medium%3Dreferral%26utm_campaign%3Dlinkedin_referral_vertical_vac_feed%26utm_term%3Dengineer%252bcat_ict%2Bamsterda&urlHash=aNhQ&refId=7a09531b-45e2-443f-8041-335c63332bbd&trackingId=ZpG4QdunOoAU%2BeS0B1CBUw%3D%3D&trk=public_jobs_apply-link-offsite,https://nl.linkedin.com/jobs/view/network-engineer-amsterdam-stackops-at-technicus-nl-2335775349?refId=7a09531b-45e2-443f-8041-335c63332bbd&trackingId=ZpG4QdunOoAU%2BeS0B1CBUw%3D%3D&position=10&pageNum=0&trk=public_jobs_job-result-card_result-card_full-click,2 weeks ago,2 weeks ago,22/11/2020,08/12/2020
13,network specialist,LinkedIn,2336940028,Ervaren Netwerk Architect gezocht â€“ Omgeving Amsterdam | CareerValue,o7uGHnquLt974FXzyerySw==,Werkzoekennl,"Amsterdam, North Holland, Netherlands","['Electrical/', 'Electronic Manufacturing', 'Mechanical or Industrial Engineering']","Vacature van CareerValue, locatie Amsterdam, , Als Netwerk Architect ben je verantwoordelijk voor het ontwikkelen, beheer en continu verbeteren van de Netwerk infrastructuur van diverse klanten Daarnaast ben je bezig met het doorvoeren van changes en geef je ondersteuning en begeleiding aan collega network specialist In deze functie is het van belang dat je goed kan schakelen tussen verschillende stakeholders en ben je in staat om complexe incidenten op te lossen, , , ,  Je hebt minimaal een afgeronde HBOWO opleiding,  Je hebt minimaal 5 jaar ervaring in een soortgelijke functie binnen grote Net,  Je hebt kennis en ervaring met Netwerkbeheer en architectuur,  Je hebt kennis en ervaring met Switches, Routers en Firewalls,  Je hebt kennis en ervaring met DNS en DHCP,  Je hebt relevante certificaten behaald zoals CCNA en CCNP,  Kennis en ervaring met Security is een pr, , 5cd8a0b9cc68f9ffa4c9253553278a55",Full-time,https://www.linkedin.com/jobs/view/externalApply/2336940028?url=https%3A%2F%2Fwww%2Ewerkzoeken%2Enl%2F8355_careervalue%2Fvacatures%2F4730148_ervaren-netwerk-architect-gezocht-omgeving-amsterdam%2F%3Fsource%3D5cd8a0b9cc68f9ffa4c9253553278a55%26utm_source%3Dlinkedin%26utm_medium%3Dreferral%26utm_campaign%3Dlinkedin_referral_vertical_vac_feed%26utm_term%3Dconstruction%252bcat_ict%2Bamst&urlHash=Ystb&refId=7a09531b-45e2-443f-8041-335c63332bbd&trackingId=o7uGHnquLt974FXzyerySw%3D%3D&trk=public_jobs_apply-link-offsite,https://nl.linkedin.com/jobs/view/ervaren-netwerk-architect-gezocht-%E2%80%93-omgeving-amsterdam-careervalue-at-werkzoeken-nl-2336940028?refId=7a09531b-45e2-443f-8041-335c63332bbd&trackingId=o7uGHnquLt974FXzyerySw%3D%3D&position=13&pageNum=0&trk=public_jobs_job-result-card_result-card_full-click,2 weeks ago,2 weeks ago,22/11/2020,08/12/2020
17,network specialist,LinkedIn,2336933378,Medior Netwerk Specialist | Rotterdam | Human Source Group,6xCuGObOKwhD9jMbgzoqmQ==,Werkzoekennl,"Rotterdam, South Holland, Netherlands","['Information Technology and Services', 'Computer Software', 'Computer & Network Security']","Vacature van Human Source Group, locatie Rotterdam, , Functie omschrijving, , Als Medior Netwerk specialist heb je diepgaande technische kennis en duik je diep in de infrastructuur van onze klant Je bent verantwoordelijk voor het beheren en optimaliseren van het netwerk en gerelateerde diensten, , , , Door jouw toedoen zorg je ervoor dat eindgebruikers toegang hebben tot hun favoriete televisieprogramma of streamingsdienst Hierdoor kom je met diverse technologien en tooling in aanraking komt, , , , , Onze opdrachtgever is een grote, landelijke telecom provider die internet, telefonie en televisie aan particulieren en bedrijven biedt De organisatie telt ca750 medewerkers, maar door de enorme groei wordt dit alsmaar meer, , Het Netwerk team bestaat uit 12 teamleden, van junior tot senior Ter vervanging van twee externe medewerkers medior n senior is men nu op zoek naar geschikte network specialist De sfeer is te kenmerken als gezellig, open en informeel Er zijn mogelijkheden tot thuiswerken en arbeidstijden zijn in overleg flexibel Openbaar vervoer ligt op loopafstand trein en bus en parkeren is gratis, , , , Als Medior Netwerk specialist heb je een passie voor nieuwe technologien Je vindt het leuk om in een klein en gedreven team met zeer diverse tools en technologien te werken, zodat je jouw netwerkhorizon snel verbreedt Jouw kennis beperkt zich niet alleen tot n vendor, bijvoorbeeld Cisco, maar je bent tevens ervaren met andere vendors zoals HP, Huaawei, Juniper, etc, , , , Je bent een effectieve troubleshooter die weet dat storingen zich niet aan kantoortijden houden en je vindt het geen probleem om standby te staan wanneer nodig Omdat de rol vrij breed is heb je een behoorlijk impact op de organisatie intern, maar ook op eindgebruikers Jij maakt dus echt een verschil voor de klant, , , , , Als Medior Netwerk specialist kun je rekenen op de volgende arbeidsvoorwaarden, , , 5cd8a0b9cc68f9ffa4c9253553278a55",Full-time,https://www.linkedin.com/jobs/view/externalApply/2336933378?url=https%3A%2F%2Fwww%2Ewerkzoeken%2Enl%2F8233_human-source-group%2Fvacatures%2F4750176_medior-netwerk-specialist%2F%3Fsource%3D5cd8a0b9cc68f9ffa4c9253553278a55%26utm_source%3Dlinkedin%26utm_medium%3Dreferral%26utm_campaign%3Dlinkedin_referral_vertical_vac_feed%26utm_term%3Dict%2Brotterdam&urlHash=3CxV&refId=7a09531b-45e2-443f-8041-335c63332bbd&trackingId=6xCuGObOKwhD9jMbgzoqmQ%3D%3D&trk=public_jobs_apply-link-offsite,https://nl.linkedin.com/jobs/view/medior-netwerk-specialist-rotterdam-human-source-group-at-werkzoeken-nl-2336933378?refId=7a09531b-45e2-443f-8041-335c63332bbd&trackingId=6xCuGObOKwhD9jMbgzoqmQ%3D%3D&position=17&pageNum=0&trk=public_jobs_job-result-card_result-card_full-click,2 weeks ago,2 weeks ago,22/11/2020,08/12/2020
19,network specialist,LinkedIn,2336964197,Ervaren Netwerk Architect gezocht | Hoofddorp | CareerValue,AoB6uInERvxEw6uoNA4OLA==,Werkzoekennl,"Hoofddorp, North Holland, Netherlands","['Electrical/', 'Electronic Manufacturing', 'Mechanical or Industrial Engineering']","Vacature van CareerValue, locatie Hoofddorp, , Als Netwerk Architect ben je verantwoordelijk voor het beheer en continu verbeteren van de Netwerk infrastructuur Daarnaast ben je bezig met het doorvoeren van changes en geef je ondersteuning en begeleiding aan collega network specialist In deze functie is het van belang dat je goed kan schakelen tussen verschillende stakeholders en ben je in staat om complexe incidenten op te lossen, , Het gaat hier om een interne functie op basis van 36 uur, , , , Om in aanmerking te komen voor de bovenstaande functie, zijn een aantal punten van belang, ,  Je hebt minimaal een afgeronde HBO opleiding,  Je hebt minimaal 5 jaar ervaring in een soortgelijke functie,  Je hebt kennis en ervaring met Netwerkbeheer en architectuur,  Je hebt kennis en ervaring met Switches, Routers en Firewalls,  Je hebt kennis en ervaring met DNS en DHCP,  Je hebt relevante certificaten behaald zoals CCNA enof CCNP,  Kennis en ervaring met Security is een pr, , 5cd8a0b9cc68f9ffa4c9253553278a55",Full-time,https://www.linkedin.com/jobs/view/externalApply/2336964197?url=https%3A%2F%2Fwww%2Ewerkzoeken%2Enl%2F8355_careervalue%2Fvacatures%2F4300714_ervaren-netwerk-architect-gezocht%2F%3Fsource%3D5cd8a0b9cc68f9ffa4c9253553278a55%26utm_source%3Dlinkedin%26utm_medium%3Dreferral%26utm_campaign%3Dlinkedin_referral_vertical_vac_feed%26utm_term%3Dconstruction%252bcat_ict%2Bhoof&urlHash=xWZD&refId=7a09531b-45e2-443f-8041-335c63332bbd&trackingId=AoB6uInERvxEw6uoNA4OLA%3D%3D&trk=public_jobs_apply-link-offsite,https://nl.linkedin.com/jobs/view/ervaren-netwerk-architect-gezocht-hoofddorp-careervalue-at-werkzoeken-nl-2336964197?refId=7a09531b-45e2-443f-8041-335c63332bbd&trackingId=AoB6uInERvxEw6uoNA4OLA%3D%3D&position=19&pageNum=0&trk=public_jobs_job-result-card_result-card_full-click,2 weeks ago,2 weeks ago,22/11/2020,08/12/2020
